Method,Regime,Sources,Clips,PSNR (dB),SSIM,Audit PQV,Write PQV
"BasicVSR++ offline, non-causal (CVPR 2022) + patch",clean,10,10,31.63911356486745,0.8901472109063271,7.196645862405578e-09,
BasicVSR++ causal (CVPR 2022) + TwinAudit gaze (ours),clean,10,10,31.395023112087863,0.8858181314568642,5.674632243114356e-09,3.644170481990287e-10
BasicVSR++ causal (CVPR 2022) + patch + memory,clean,10,10,31.225734252288163,0.8861855222543985,6.790307040013565e-09,1.3648696737762113e-10
BasicVSR++ causal (CVPR 2022) + patch,clean,10,10,31.086137086931444,0.8801437822243509,5.9615878654349065e-09,
NanoSR (NTIRE 2025) + TwinAudit gaze (ours),clean,10,10,29.973899534047995,0.8537654461161092,4.669898369684824e-09,5.428887492925375e-10
SCMSR (NTIRE 2025) + TwinAudit gaze (ours),clean,10,10,29.940952787368424,0.8531434569917076,4.426000483696907e-09,4.92573392859755e-10
NanoSR (NTIRE 2025) + patch + memory,clean,10,10,29.817717034785687,0.854254950165737,4.199825645733363e-09,2.067970457314785e-10
SPAN-F (NTIRE 2025) + TwinAudit gaze (ours),clean,10,10,29.79870803983573,0.8495858836972093,4.335422496943336e-09,5.171575607439704e-10
SCMSR (NTIRE 2025) + patch + memory,clean,10,10,29.776770338397387,0.8535379805971747,3.981657178821275e-09,2.0248317702724953e-10
NanoSR (NTIRE 2025) + patch,clean,10,10,29.63813108452107,0.8461568442747401,3.5040770756221917e-09,
SPAN-F (NTIRE 2025) + patch + memory,clean,10,10,29.627473069646737,0.8500075220349792,3.750241710484181e-09,2.2440898951908454e-10
SCMSR (NTIRE 2025) + patch,clean,10,10,29.593422661232346,0.8452689108805798,3.2014495051954327e-09,
SPAN-F (NTIRE 2025) + patch,clean,10,10,29.44221907716969,0.8414695886161117,3.007007946355278e-09,
"Joint gaze, fixed proxy (prior version)",clean,10,10,28.64673174547683,0.8179880521388041,4.125914168186671e-09,
TwinAudit (ours),clean,10,10,28.549570957869122,0.8158175802471238,1.213664965229687e-09,4.021799466651153e-11
Uniform gaze,clean,10,10,28.23810835380027,0.8142533150912022,1.724824110211808e-09,
