study,dataset,regime,Baseline,metric,Effect,Estimate,95% CI low,95% CI high,Holm p
neural_native,DAVIS,clean,BasicVSR++ causal (CVPR 2022) + patch + memory,MSE,% reduction,-74.88212903910258,-114.87310850463079,-56.31445600552206,0.029296875
neural_native,DAVIS,clean,BasicVSR++ causal (CVPR 2022) + patch + memory,Audit PQV,% reduction,82.12650829958254,66.2762283753608,97.02732678081286,0.03239838008099595
neural_native,DAVIS,clean,BasicVSR++ causal (CVPR 2022) + patch + memory,Write PQV,% reduction,70.53345426362971,47.790130124759244,81.45241344118772,0.0234375
neural_native,DAVIS,clean,BasicVSR++ causal (CVPR 2022) + patch + memory,PSNR,dB gain,-2.7056354091777974,-3.3680170818591173,-2.1179503089721448,0.029296875
neural_native,DAVIS,clean,BasicVSR++ causal (CVPR 2022) + TwinAudit gaze (ours),MSE,% reduction,-78.09713311386825,-122.54062946188635,-58.05232758299192,0.029296875
neural_native,DAVIS,clean,BasicVSR++ causal (CVPR 2022) + TwinAudit gaze (ours),Audit PQV,% reduction,78.61244723475502,67.59025262982054,95.17306785340294,0.03239838008099595
neural_native,DAVIS,clean,BasicVSR++ causal (CVPR 2022) + TwinAudit gaze (ours),Write PQV,% reduction,88.96374500993537,69.55908429345078,94.52082243504447,0.0234375
neural_native,DAVIS,clean,BasicVSR++ causal (CVPR 2022) + TwinAudit gaze (ours),PSNR,dB gain,-2.8562000370045526,-3.5528629985377367,-2.235350874482471,0.029296875
neural_native,DAVIS,clean,BasicVSR++ causal (CVPR 2022) + patch,MSE,% reduction,-61.886542725004425,-110.29354876958408,-40.3088072248104,0.029296875
neural_native,DAVIS,clean,BasicVSR++ causal (CVPR 2022) + patch,Audit PQV,% reduction,79.64191767991079,61.804492685277104,96.69998137622312,0.03239838008099595
neural_native,DAVIS,clean,BasicVSR++ causal (CVPR 2022) + patch,PSNR,dB gain,-2.561000202277883,-3.2747553561751896,-1.8921697712368186,0.029296875
neural_native,DAVIS,clean,"BasicVSR++ offline, non-causal (CVPR 2022) + patch",MSE,% reduction,-80.19184145934501,-145.5146558291806,-53.76627588037322,0.029296875
neural_native,DAVIS,clean,"BasicVSR++ offline, non-causal (CVPR 2022) + patch",Audit PQV,% reduction,83.13568586763832,68.3991966617391,97.32532198495967,0.03239838008099595
neural_native,DAVIS,clean,"BasicVSR++ offline, non-causal (CVPR 2022) + patch",PSNR,dB gain,-3.124413091432333,-3.9884915590671732,-2.3515412360067196,0.029296875
neural_native,DAVIS,clean,NanoSR (NTIRE 2025) + patch + memory,MSE,% reduction,-35.13866806277479,-46.003883486096704,-26.44656217017446,0.029296875
neural_native,DAVIS,clean,NanoSR (NTIRE 2025) + patch + memory,Audit PQV,% reduction,71.10201547384094,56.84238675117383,93.51395636216742,0.03239838008099595
neural_native,DAVIS,clean,NanoSR (NTIRE 2025) + patch + memory,Write PQV,% reduction,80.55194912274824,68.15748830201682,87.5278458405572,0.0234375
neural_native,DAVIS,clean,NanoSR (NTIRE 2025) + patch + memory,PSNR,dB gain,-1.2816915508976787,-1.668526636679869,-0.9122734465954808,0.029296875
neural_native,DAVIS,clean,NanoSR (NTIRE 2025) + TwinAudit gaze (ours),MSE,% reduction,-38.13837503535132,-50.39630621227069,-29.39475383171416,0.029296875
neural_native,DAVIS,clean,NanoSR (NTIRE 2025) + TwinAudit gaze (ours),Audit PQV,% reduction,74.01089126246663,61.52561346140398,92.70263716828795,0.03239838008099595
neural_native,DAVIS,clean,NanoSR (NTIRE 2025) + TwinAudit gaze (ours),Write PQV,% reduction,92.59185335505269,82.05850844838365,96.25724286239667,0.0234375
neural_native,DAVIS,clean,NanoSR (NTIRE 2025) + TwinAudit gaze (ours),PSNR,dB gain,-1.417860371143492,-1.8217297364667642,-1.0550023783133036,0.029296875
neural_native,DAVIS,clean,NanoSR (NTIRE 2025) + patch,MSE,% reduction,-25.26368620667576,-40.078386687626356,-16.78212108137002,0.029296875
neural_native,DAVIS,clean,NanoSR (NTIRE 2025) + patch,Audit PQV,% reduction,65.36420463827311,49.073243942698284,91.97357577346423,0.03239838008099595
neural_native,DAVIS,clean,NanoSR (NTIRE 2025) + patch,PSNR,dB gain,-1.0901760998453285,-1.5142312538697473,-0.7153236902002609,0.029296875
neural_native,DAVIS,clean,"Joint gaze, fixed proxy (prior version)",MSE,% reduction,-2.003118954410299,-4.697715807049033,0.31141656662500233,0.20703125
neural_native,DAVIS,clean,"Joint gaze, fixed proxy (prior version)",Audit PQV,% reduction,70.58433802167315,64.52525513402303,82.53787331199226,0.03239838008099595
neural_native,DAVIS,clean,"Joint gaze, fixed proxy (prior version)",PSNR,dB gain,-0.0921771451027535,-0.15929845763590042,-0.029355422569155246,0.029296875
neural_native,DAVIS,clean,Uniform gaze,MSE,% reduction,4.958081202946996,2.8393401675811245,8.367345008088165,0.029296875
neural_native,DAVIS,clean,Uniform gaze,Audit PQV,% reduction,29.63543598189562,7.9034988404869075,36.01471784892238,0.09375
neural_native,DAVIS,clean,Uniform gaze,PSNR,dB gain,0.2863894582091511,0.16315965361009058,0.42227999049935067,0.029296875
neural_native,DAVIS,clean,SCMSR (NTIRE 2025) + patch + memory,MSE,% reduction,-33.60123717983039,-44.00202125181355,-25.2244757792437,0.029296875
neural_native,DAVIS,clean,SCMSR (NTIRE 2025) + patch + memory,Audit PQV,% reduction,69.51859713876776,55.990142437182364,92.62845385758493,0.03239838008099595
neural_native,DAVIS,clean,SCMSR (NTIRE 2025) + patch + memory,Write PQV,% reduction,80.13761179720174,67.09022364911759,87.34511017768334,0.0234375
neural_native,DAVIS,clean,SCMSR (NTIRE 2025) + patch + memory,PSNR,dB gain,-1.2350875934378895,-1.5870109669640287,-0.8987418343106021,0.029296875
neural_native,DAVIS,clean,SCMSR (NTIRE 2025) + TwinAudit gaze (ours),MSE,% reduction,-36.61709219182892,-48.8798831512537,-28.276413366090523,0.029296875
neural_native,DAVIS,clean,SCMSR (NTIRE 2025) + TwinAudit gaze (ours),Audit PQV,% reduction,72.57874305029563,61.336802036346825,91.96664964640581,0.03239838008099595
neural_native,DAVIS,clean,SCMSR (NTIRE 2025) + TwinAudit gaze (ours),Write PQV,% reduction,91.83512645029076,79.48029391117953,95.74155157714216,0.0234375
neural_native,DAVIS,clean,SCMSR (NTIRE 2025) + TwinAudit gaze (ours),PSNR,dB gain,-1.3829146440383155,-1.747709501526899,-1.041172665412362,0.029296875
neural_native,DAVIS,clean,SCMSR (NTIRE 2025) + patch,MSE,% reduction,-23.716957752493585,-38.80877716806243,-15.294817548431862,0.029296875
neural_native,DAVIS,clean,SCMSR (NTIRE 2025) + patch,Audit PQV,% reduction,62.09014187916737,46.09336117137233,90.5735086637871,0.03239838008099595
neural_native,DAVIS,clean,SCMSR (NTIRE 2025) + patch,PSNR,dB gain,-1.0389892852415934,-1.4375808191903943,-0.6881295422295267,0.029296875
neural_native,DAVIS,clean,SPAN-F (NTIRE 2025) + patch + memory,MSE,% reduction,-29.221138746393716,-38.00598864715882,-22.246752556280835,0.029296875
neural_native,DAVIS,clean,SPAN-F (NTIRE 2025) + patch + memory,Audit PQV,% reduction,67.6376868766415,51.77123950100256,92.3758696415371,0.03239838008099595
neural_native,DAVIS,clean,SPAN-F (NTIRE 2025) + patch + memory,Write PQV,% reduction,82.07826043301564,71.09908143876332,88.32192430435688,0.0234375
neural_native,DAVIS,clean,SPAN-F (NTIRE 2025) + patch + memory,PSNR,dB gain,-1.0960893638726976,-1.42734286498954,-0.7840322769486124,0.029296875
neural_native,DAVIS,clean,SPAN-F (NTIRE 2025) + TwinAudit gaze (ours),MSE,% reduction,-32.5344509252463,-43.483863375852664,-24.92093541225696,0.029296875
neural_native,DAVIS,clean,SPAN-F (NTIRE 2025) + TwinAudit gaze (ours),Audit PQV,% reduction,72.00584335009162,59.76813679938321,92.39800396366861,0.03239838008099595
neural_native,DAVIS,clean,SPAN-F (NTIRE 2025) + TwinAudit gaze (ours),Write PQV,% reduction,92.22326081655756,81.9610370738441,95.99085087084923,0.0234375
neural_native,DAVIS,clean,SPAN-F (NTIRE 2025) + TwinAudit gaze (ours),PSNR,dB gain,-1.2494276534791653,-1.6099181226671935,-0.9180048541064243,0.029296875
neural_native,DAVIS,clean,SPAN-F (NTIRE 2025) + patch,MSE,% reduction,-19.677781617915713,-33.20937653640496,-12.203348376564895,0.029296875
neural_native,DAVIS,clean,SPAN-F (NTIRE 2025) + patch,Audit PQV,% reduction,59.63878423731002,40.845347428223725,90.39556732858094,0.03239838008099595
neural_native,DAVIS,clean,SPAN-F (NTIRE 2025) + patch,PSNR,dB gain,-0.8987505810253698,-1.2599270102044995,-0.5660484672789428,0.029296875
main,DAVIS,drift,"Joint gaze, fixed proxy (prior version)",MSE,% reduction,-1.5156479540818113,-2.020246023347832,-1.0570038286081567,0.00199990000499975
main,DAVIS,drift,"Joint gaze, fixed proxy (prior version)",Audit PQV,% reduction,79.98585897882676,73.94743340739423,83.62364523861623,0.00199990000499975
main,DAVIS,drift,"Joint gaze, fixed proxy (prior version)",PSNR,dB gain,-0.055235245050624736,-0.07326556375426718,-0.03879508636578846,0.00199990000499975
main,DAVIS,drift,Ours w/o write-audit constraint,MSE,% reduction,-0.03854661299547146,-0.2615436273378058,0.16720435368851233,1.0
main,DAVIS,drift,Ours w/o write-audit constraint,Audit PQV,% reduction,8.273819368378577,3.3224674023929834,13.070667164336074,0.026598670066496674
main,DAVIS,drift,Ours w/o write-audit constraint,Write PQV,% reduction,10.15790936921901,2.132162952776897,16.537131227722657,0.07239638018099095
main,DAVIS,drift,Ours w/o write-audit constraint,PSNR,dB gain,2.6350319051360317e-05,-0.007671954711634652,0.007161961488808233,1.0
main,DAVIS,drift,TwinAudit-strict (κw = 1),MSE,% reduction,3.658888019994566,2.86441964584163,4.510514436224983,0.00199990000499975
main,DAVIS,drift,TwinAudit-strict (κw = 1),Audit PQV,% reduction,-127.5577467001301,-163.1124599477242,-92.27550069479597,0.00199990000499975
main,DAVIS,drift,TwinAudit-strict (κw = 1),Write PQV,% reduction,-90.36210282975942,-128.76360396151264,-64.28091889337912,0.000599970001499925
main,DAVIS,drift,TwinAudit-strict (κw = 1),PSNR,dB gain,0.16675337078936686,0.13551276717426328,0.198980897641832,0.00199990000499975
main,DAVIS,drift,Ours w/o online proxy mixture,MSE,% reduction,-0.6347137347882947,-0.9254391936948064,-0.3776666123084904,0.00199990000499975
main,DAVIS,drift,Ours w/o online proxy mixture,Audit PQV,% reduction,23.677236544901913,15.684058694666021,30.081648890422933,0.00199990000499975
main,DAVIS,drift,Ours w/o online proxy mixture,Write PQV,% reduction,4.759677131594231,-9.168124475641152,17.463637206317937,1.0
main,DAVIS,drift,Ours w/o online proxy mixture,PSNR,dB gain,-0.025896150452585066,-0.03697837331816441,-0.016345516302028306,0.00199990000499975
main,DAVIS,drift,Audit-only gaze,MSE,% reduction,3.8498485921033443,2.8464985505822122,5.154982317484637,0.00199990000499975
main,DAVIS,drift,Audit-only gaze,Audit PQV,% reduction,-348.82901808336175,-587.3544047415484,-230.97633902941095,0.00199990000499975
main,DAVIS,drift,Audit-only gaze,PSNR,dB gain,0.17966903041608565,0.1402473753978441,0.22526666469720538,0.00199990000499975
main,DAVIS,drift,Greedy gaze,MSE,% reduction,-1.9152722702965752,-2.5635462784503855,-1.3466866395945778,0.00199990000499975
main,DAVIS,drift,Greedy gaze,Audit PQV,% reduction,98.17038963073308,97.63175895691317,98.5206705580559,0.00199990000499975
main,DAVIS,drift,Greedy gaze,PSNR,dB gain,-0.07182979014466104,-0.0924824576302188,-0.052673918238830886,0.00199990000499975
main,DAVIS,drift,Risk-only gaze,MSE,% reduction,2.752814604479603,2.044497460743549,3.5494069716481262,0.00199990000499975
main,DAVIS,drift,Risk-only gaze,Audit PQV,% reduction,41.07519588025883,24.74319437890308,50.761095568684276,0.00199990000499975
main,DAVIS,drift,Risk-only gaze,PSNR,dB gain,0.13430932473787519,0.10327335584418552,0.16674423747403405,0.00199990000499975
main,DAVIS,drift,Benefit-softmax gaze,MSE,% reduction,0.056413068377692,-0.7451756711129554,0.754448490346677,1.0
main,DAVIS,drift,Benefit-softmax gaze,Audit PQV,% reduction,88.7765873738704,86.54868954271626,90.43913188396131,0.00199990000499975
main,DAVIS,drift,Benefit-softmax gaze,PSNR,dB gain,0.01789992510831597,-0.006071347544788488,0.04016735810223082,0.5781710914454278
main,DAVIS,drift,Uniform gaze,MSE,% reduction,3.7461314936179435,2.901656490464689,4.678279890091768,0.00199990000499975
main,DAVIS,drift,Uniform gaze,Audit PQV,% reduction,33.391662929996194,16.10319773322946,46.05003584323456,0.00199990000499975
main,DAVIS,drift,Uniform gaze,PSNR,dB gain,0.18114165096535925,0.14182175032150654,0.22303694893940565,0.00199990000499975
main,DAVIS,drift,"PPAT (2026), M=1",MSE,% reduction,3.720946443040629,2.9916099809134282,4.597391451269979,0.00199990000499975
main,DAVIS,drift,"PPAT (2026), M=1",Audit PQV,% reduction,-56.904267899893114,-83.86139676455251,-35.22289919465746,0.00199990000499975
main,DAVIS,drift,"PPAT (2026), M=1",PSNR,dB gain,0.18417029857451794,0.14420631283193572,0.22843045834753212,0.00199990000499975
main,DAVIS,nominal,"Joint gaze, fixed proxy (prior version)",MSE,% reduction,-1.8829165504283818,-2.572533492605761,-1.3548979945904618,0.00199990000499975
main,DAVIS,nominal,"Joint gaze, fixed proxy (prior version)",Audit PQV,% reduction,81.12868701337538,76.54083123929983,84.56225627634,0.00199990000499975
main,DAVIS,nominal,"Joint gaze, fixed proxy (prior version)",PSNR,dB gain,-0.08526126386952022,-0.1141111632547298,-0.062282730553122785,0.00199990000499975
main,DAVIS,nominal,Ours w/o write-audit constraint,MSE,% reduction,-0.307596278972988,-0.5419738786326694,-0.10416026041986612,0.04519774011299435
main,DAVIS,nominal,Ours w/o write-audit constraint,Audit PQV,% reduction,13.521196164964099,9.213364045961647,17.175747991037728,0.0026998650067496625
main,DAVIS,nominal,Ours w/o write-audit constraint,Write PQV,% reduction,2.440113332589322,-11.895268138415133,12.16934771235191,1.0
main,DAVIS,nominal,Ours w/o write-audit constraint,PSNR,dB gain,-0.016046554250867918,-0.02967320311491158,-0.005991041125342229,0.013649317534123294
main,DAVIS,nominal,TwinAudit-strict (κw = 1),MSE,% reduction,4.443877859345813,3.5396873071882173,5.484906521716799,0.00199990000499975
main,DAVIS,nominal,TwinAudit-strict (κw = 1),Audit PQV,% reduction,-141.38170770579515,-173.87461102095972,-112.85728948085658,0.00199990000499975
main,DAVIS,nominal,TwinAudit-strict (κw = 1),Write PQV,% reduction,-110.59839948115963,-171.125388427407,-60.99706894867359,0.000599970001499925
main,DAVIS,nominal,TwinAudit-strict (κw = 1),PSNR,dB gain,0.23865944363021868,0.19427226540837328,0.2862346051549421,0.00199990000499975
main,DAVIS,nominal,Ours w/o online proxy mixture,MSE,% reduction,-0.5376436477543933,-0.8339357826117771,-0.24448779053915357,0.008099595020248988
main,DAVIS,nominal,Ours w/o online proxy mixture,Audit PQV,% reduction,27.24107864171419,19.325667550409474,31.43043827636418,0.00199990000499975
main,DAVIS,nominal,Ours w/o online proxy mixture,Write PQV,% reduction,10.492416267281934,3.4902051982014006,16.65345181092332,0.07239638018099095
main,DAVIS,nominal,Ours w/o online proxy mixture,PSNR,dB gain,-0.01999463351400301,-0.03039381573015179,-0.009766738114967855,0.004499775011249437
main,DAVIS,nominal,Audit-only gaze,MSE,% reduction,5.058860089998984,3.5811041333492732,6.951026255814314,0.00199990000499975
main,DAVIS,nominal,Audit-only gaze,Audit PQV,% reduction,-345.0105516452802,-503.5599463075786,-244.204404192579,0.00199990000499975
main,DAVIS,nominal,Audit-only gaze,PSNR,dB gain,0.2648352309927118,0.20103970075451505,0.33628866614070535,0.00199990000499975
main,DAVIS,nominal,Greedy gaze,MSE,% reduction,-2.3350361545582787,-2.9799279923502833,-1.8114336227780221,0.00199990000499975
main,DAVIS,nominal,Greedy gaze,Audit PQV,% reduction,98.27134452342324,97.78353966427859,98.60211441166362,0.00199990000499975
main,DAVIS,nominal,Greedy gaze,PSNR,dB gain,-0.10797941622214821,-0.14062932917745918,-0.08359525366205812,0.00199990000499975
main,DAVIS,nominal,Risk-only gaze,MSE,% reduction,2.937423942086703,1.9848648108362943,4.080585802924604,0.00199990000499975
main,DAVIS,nominal,Risk-only gaze,Audit PQV,% reduction,28.879406528235563,11.77288382062852,37.280164134830926,0.1272436378181091
main,DAVIS,nominal,Risk-only gaze,PSNR,dB gain,0.17816254189299183,0.13081981564609546,0.22811658477275062,0.00199990000499975
main,DAVIS,nominal,Benefit-softmax gaze,MSE,% reduction,-0.11343037366982056,-1.0108109056378933,0.6831225923308157,1.0
main,DAVIS,nominal,Benefit-softmax gaze,Audit PQV,% reduction,87.43552810588623,82.73861602653135,89.77385036255943,0.00199990000499975
main,DAVIS,nominal,Benefit-softmax gaze,PSNR,dB gain,0.0120710819527722,-0.024722962441540756,0.04384400629363776,1.0
main,DAVIS,nominal,Uniform gaze,MSE,% reduction,4.37735442334104,3.250062231526683,5.72087617912568,0.00199990000499975
main,DAVIS,nominal,Uniform gaze,Audit PQV,% reduction,24.101068911074886,10.000474348908924,32.65156562294657,0.03509824508774561
main,DAVIS,nominal,Uniform gaze,PSNR,dB gain,0.24973103623638418,0.19251861109534243,0.3106155793034301,0.00199990000499975
main,DAVIS,nominal,"PPAT (2026), M=1",MSE,% reduction,4.147448884045324,3.1669776300728305,5.313754087539041,0.00199990000499975
main,DAVIS,nominal,"PPAT (2026), M=1",Audit PQV,% reduction,-61.3356830797116,-88.735315176324,-32.68066049919633,0.0135993200339983
main,DAVIS,nominal,"PPAT (2026), M=1",PSNR,dB gain,0.24525844997505802,0.19330774662552624,0.300657752281291,0.00199990000499975
neural_sensor,DAVIS,nominal,BasicVSR++ causal (CVPR 2022) + patch + memory,MSE,% reduction,30.224941660311476,12.761580511832094,46.898889293590635,0.24609375
neural_sensor,DAVIS,nominal,BasicVSR++ causal (CVPR 2022) + patch + memory,Audit PQV,% reduction,98.61186425077564,91.97663262735155,99.8065494256379,0.033203125
neural_sensor,DAVIS,nominal,BasicVSR++ causal (CVPR 2022) + patch + memory,Write PQV,% reduction,92.92588859100192,89.92858522533747,95.77429105042877,0.015625
neural_sensor,DAVIS,nominal,BasicVSR++ causal (CVPR 2022) + patch + memory,PSNR,dB gain,1.6637855344091765,0.7798719281495738,2.6212454746686578,0.1484375
neural_sensor,DAVIS,nominal,BasicVSR++ causal (CVPR 2022) + TwinAudit gaze (ours),MSE,% reduction,25.666420292657378,11.219170741173624,40.3510097117055,0.265625
neural_sensor,DAVIS,nominal,BasicVSR++ causal (CVPR 2022) + TwinAudit gaze (ours),Audit PQV,% reduction,97.89575492367892,93.83960549335592,99.67166145669077,0.033203125
neural_sensor,DAVIS,nominal,BasicVSR++ causal (CVPR 2022) + TwinAudit gaze (ours),Write PQV,% reduction,97.15519823562296,96.13725234529188,98.12489831280703,0.015625
neural_sensor,DAVIS,nominal,BasicVSR++ causal (CVPR 2022) + TwinAudit gaze (ours),PSNR,dB gain,1.351809431548649,0.6058634800266144,2.176594545240701,0.1484375
neural_sensor,DAVIS,nominal,BasicVSR++ causal (CVPR 2022) + patch,MSE,% reduction,34.13370569745394,20.17881492973701,48.48400141087402,0.08984375
neural_sensor,DAVIS,nominal,BasicVSR++ causal (CVPR 2022) + patch,Audit PQV,% reduction,98.70307483396694,92.01270924844152,99.82029778227447,0.033203125
neural_sensor,DAVIS,nominal,BasicVSR++ causal (CVPR 2022) + patch,PSNR,dB gain,1.8291740685140847,0.993050368278146,2.7954614084879252,0.0859375
neural_sensor,DAVIS,nominal,"BasicVSR++ offline, non-causal (CVPR 2022) + patch",MSE,% reduction,48.72164761456995,30.762017012868025,63.52962824859411,0.08984375
neural_sensor,DAVIS,nominal,"BasicVSR++ offline, non-causal (CVPR 2022) + patch",Audit PQV,% reduction,99.51358423126963,97.02729063456987,99.92839910676878,0.033203125
neural_sensor,DAVIS,nominal,"BasicVSR++ offline, non-causal (CVPR 2022) + patch",PSNR,dB gain,2.710459523535733,1.381472010225557,4.08796151855187,0.123046875
neural_sensor,DAVIS,nominal,NanoSR (NTIRE 2025) + patch + memory,MSE,% reduction,-0.8844169481770692,-4.800325626527136,3.207410441203676,1.0
neural_sensor,DAVIS,nominal,NanoSR (NTIRE 2025) + patch + memory,Audit PQV,% reduction,77.42760339612866,65.94347147038847,94.38770002771018,0.033203125
neural_sensor,DAVIS,nominal,NanoSR (NTIRE 2025) + patch + memory,Write PQV,% reduction,93.65605005520398,90.11138338341861,96.28665530583942,0.015625
neural_sensor,DAVIS,nominal,NanoSR (NTIRE 2025) + patch + memory,PSNR,dB gain,0.009851744389399997,-0.1601314419403511,0.1724894315501255,1.0
neural_sensor,DAVIS,nominal,NanoSR (NTIRE 2025) + TwinAudit gaze (ours),MSE,% reduction,-3.3343681090356014,-7.84836124531882,-0.009425502465490999,1.0
neural_sensor,DAVIS,nominal,NanoSR (NTIRE 2025) + TwinAudit gaze (ours),Audit PQV,% reduction,88.40804642431847,84.60237768843258,96.7089129469714,0.033203125
neural_sensor,DAVIS,nominal,NanoSR (NTIRE 2025) + TwinAudit gaze (ours),Write PQV,% reduction,96.83851556374672,94.45419984746722,98.2138523271879,0.015625
neural_sensor,DAVIS,nominal,NanoSR (NTIRE 2025) + TwinAudit gaze (ours),PSNR,dB gain,-0.1315572723450721,-0.30512909721788634,0.019922391879809705,1.0
neural_sensor,DAVIS,nominal,NanoSR (NTIRE 2025) + patch,MSE,% reduction,4.8896009823646285,-3.557325845195806,10.491242506643877,1.0
neural_sensor,DAVIS,nominal,NanoSR (NTIRE 2025) + patch,Audit PQV,% reduction,73.7693422326345,60.621722567582616,93.20941406846435,0.033203125
neural_sensor,DAVIS,nominal,NanoSR (NTIRE 2025) + patch,PSNR,dB gain,0.10228005502982676,-0.11340370611711922,0.3245166324004698,1.0
neural_sensor,DAVIS,nominal,"Joint gaze, fixed proxy (prior version)",MSE,% reduction,-1.657394849071836,-2.6525666898986593,-0.9048563941453611,0.048828125
neural_sensor,DAVIS,nominal,"Joint gaze, fixed proxy (prior version)",Audit PQV,% reduction,73.26210837337219,70.53213660281763,79.0386969310523,0.033203125
neural_sensor,DAVIS,nominal,"Joint gaze, fixed proxy (prior version)",PSNR,dB gain,-0.0629906857380405,-0.0892171778044687,-0.04377371413761667,0.046875
neural_sensor,DAVIS,nominal,Uniform gaze,MSE,% reduction,5.0031095484192045,2.0413926949410395,9.115194585809071,0.19499025048747562
neural_sensor,DAVIS,nominal,Uniform gaze,Audit PQV,% reduction,23.942682713891884,-24.337699193442912,41.22799234044765,1.0
neural_sensor,DAVIS,nominal,Uniform gaze,PSNR,dB gain,0.2964586665180363,0.15600259675959,0.4532930015848048,0.123046875
neural_sensor,DAVIS,nominal,SCMSR (NTIRE 2025) + patch + memory,MSE,% reduction,7.606908234154275,4.028387429374628,10.968741057074993,0.048828125
neural_sensor,DAVIS,nominal,SCMSR (NTIRE 2025) + patch + memory,Audit PQV,% reduction,84.34593445019362,76.96428048254916,95.85835050651326,0.033203125
neural_sensor,DAVIS,nominal,SCMSR (NTIRE 2025) + patch + memory,Write PQV,% reduction,94.18943450029268,90.8448876838815,96.69263788488804,0.015625
neural_sensor,DAVIS,nominal,SCMSR (NTIRE 2025) + patch + memory,PSNR,dB gain,0.3152211229121612,0.17974995405823263,0.452796461883891,0.046875
neural_sensor,DAVIS,nominal,SCMSR (NTIRE 2025) + TwinAudit gaze (ours),MSE,% reduction,5.724533893849149,1.4109691314976258,8.883888790774748,0.6015625
neural_sensor,DAVIS,nominal,SCMSR (NTIRE 2025) + TwinAudit gaze (ours),Audit PQV,% reduction,92.96546363621613,90.78289222037284,97.82856023910749,0.033203125
neural_sensor,DAVIS,nominal,SCMSR (NTIRE 2025) + TwinAudit gaze (ours),Write PQV,% reduction,97.2219626981024,95.2324549469183,98.39379207144606,0.015625
neural_sensor,DAVIS,nominal,SCMSR (NTIRE 2025) + TwinAudit gaze (ours),PSNR,dB gain,0.18434696416644875,0.065383248257686,0.3093394790865429,0.279296875
neural_sensor,DAVIS,nominal,SCMSR (NTIRE 2025) + patch,MSE,% reduction,13.120384701544385,4.1973152684421144,18.777667906845863,0.123046875
neural_sensor,DAVIS,nominal,SCMSR (NTIRE 2025) + patch,Audit PQV,% reduction,83.67233535770701,74.78412016823758,95.43403924265466,0.033203125
neural_sensor,DAVIS,nominal,SCMSR (NTIRE 2025) + patch,PSNR,dB gain,0.41274366718863503,0.18461503293241516,0.6779284356010059,0.1484375
neural_sensor,DAVIS,nominal,SPAN-F (NTIRE 2025) + patch + memory,MSE,% reduction,-2.3419349676453205,-6.678053925689623,2.0076414017028603,1.0
neural_sensor,DAVIS,nominal,SPAN-F (NTIRE 2025) + patch + memory,Audit PQV,% reduction,74.96808271805722,64.42043802047121,93.6101404586689,0.033203125
neural_sensor,DAVIS,nominal,SPAN-F (NTIRE 2025) + patch + memory,Write PQV,% reduction,93.31022455821918,89.50796080401,96.2536090312343,0.015625
neural_sensor,DAVIS,nominal,SPAN-F (NTIRE 2025) + patch + memory,PSNR,dB gain,-0.08645581197479721,-0.2578925688791388,0.08775114186747981,1.0
neural_sensor,DAVIS,nominal,SPAN-F (NTIRE 2025) + TwinAudit gaze (ours),MSE,% reduction,-4.785262044924021,-9.985183675050806,-0.9051210033962604,0.96484375
neural_sensor,DAVIS,nominal,SPAN-F (NTIRE 2025) + TwinAudit gaze (ours),Audit PQV,% reduction,86.70424430405957,83.32333770297898,95.51564875766277,0.033203125
neural_sensor,DAVIS,nominal,SPAN-F (NTIRE 2025) + TwinAudit gaze (ours),Write PQV,% reduction,96.74049070720362,94.28916807026256,98.15615122662538,0.015625
neural_sensor,DAVIS,nominal,SPAN-F (NTIRE 2025) + TwinAudit gaze (ours),PSNR,dB gain,-0.22042632705179308,-0.40222509296179737,-0.05557674486955014,0.515625
neural_sensor,DAVIS,nominal,SPAN-F (NTIRE 2025) + patch,MSE,% reduction,3.710495095536792,-6.313043957984506,10.421294106802423,1.0
neural_sensor,DAVIS,nominal,SPAN-F (NTIRE 2025) + patch,Audit PQV,% reduction,71.19264862995907,60.75485674449821,91.04844994296533,0.033203125
neural_sensor,DAVIS,nominal,SPAN-F (NTIRE 2025) + patch,PSNR,dB gain,0.006678403548704992,-0.24182772380258005,0.2695770756088952,1.0
bicubic,DAVIS,nominal,"Joint gaze, fixed proxy (prior version)",MSE,% reduction,-2.1499963925553756,-3.5795307979338555,-0.9027511888408414,0.0008999550022498875
bicubic,DAVIS,nominal,"Joint gaze, fixed proxy (prior version)",Audit PQV,% reduction,74.4902750201259,66.4152498512007,86.03828368848932,0.000999950002499875
bicubic,DAVIS,nominal,"Joint gaze, fixed proxy (prior version)",PSNR,dB gain,-0.08430318880566053,-0.128565479536763,-0.04483415625681175,0.0007999600019999
bicubic,DAVIS,nominal,Ours w/o write-audit constraint,MSE,% reduction,0.07748294330977012,-0.27490236898115694,0.36732529476701914,1.0
bicubic,DAVIS,nominal,Ours w/o write-audit constraint,Audit PQV,% reduction,-1.633553779175867,-4.5262212094861525,5.291064291540583,1.0
bicubic,DAVIS,nominal,Ours w/o write-audit constraint,Write PQV,% reduction,18.604812481174783,4.203899654438095,33.17542390006844,0.09789510524473777
bicubic,DAVIS,nominal,Ours w/o write-audit constraint,PSNR,dB gain,0.0012048778648124407,-0.009679098979139607,0.012860759565334194,1.0
bicubic,DAVIS,nominal,Greedy gaze,MSE,% reduction,-2.5640315418806514,-3.5366941791707576,-1.5109039483460038,0.0008999550022498875
bicubic,DAVIS,nominal,Greedy gaze,Audit PQV,% reduction,97.64516748798093,96.42225626573378,98.60076052493946,0.0017499125043747813
bicubic,DAVIS,nominal,Greedy gaze,PSNR,dB gain,-0.10144988288065164,-0.14366799230116606,-0.06485942244558802,0.0007999600019999
bicubic,DAVIS,nominal,Uniform gaze,MSE,% reduction,5.15740787223975,2.2182916791207434,8.7897385293272,0.0103994800259987
bicubic,DAVIS,nominal,Uniform gaze,Audit PQV,% reduction,14.670380731740519,-31.1650810903618,41.76105429990952,1.0
bicubic,DAVIS,nominal,Uniform gaze,PSNR,dB gain,0.30396274577809473,0.18608153961436247,0.42172922663469903,0.0007999600019999
scale8,DAVIS,nominal,"Joint gaze, fixed proxy (prior version)",MSE,% reduction,-1.013296465579283,-2.2033382805535067,0.1288595890350379,0.6407179641017948
scale8,DAVIS,nominal,"Joint gaze, fixed proxy (prior version)",Audit PQV,% reduction,78.56864119261023,73.02196986749304,85.42000281620683,0.000599970001499925
scale8,DAVIS,nominal,"Joint gaze, fixed proxy (prior version)",PSNR,dB gain,-0.06761209205156339,-0.11215990898705185,-0.025002256390511665,0.04974751262436878
scale8,DAVIS,nominal,Ours w/o write-audit constraint,MSE,% reduction,-0.45493807720529134,-1.0188567496799439,-0.005689462056422563,0.4865756712164392
scale8,DAVIS,nominal,Ours w/o write-audit constraint,Audit PQV,% reduction,13.148848789576506,1.465755617339409,16.33537649485101,0.23203839808009602
scale8,DAVIS,nominal,Ours w/o write-audit constraint,Write PQV,% reduction,8.856073280389287,-8.469673169771424,17.7953415482086,1.0
scale8,DAVIS,nominal,Ours w/o write-audit constraint,PSNR,dB gain,-0.01972427169501169,-0.04005364761625914,-0.002171392468380583,0.19979001049947503
scale8,DAVIS,nominal,Greedy gaze,MSE,% reduction,-1.302092366958152,-2.8874115375410616,0.1103968157635807,0.6407179641017948
scale8,DAVIS,nominal,Greedy gaze,Audit PQV,% reduction,97.80742177944589,97.1058386518783,98.67570739131473,0.000999950002499875
scale8,DAVIS,nominal,Greedy gaze,PSNR,dB gain,-0.09449285241482527,-0.16783370260412453,-0.034597673528293876,0.045297735113244336
scale8,DAVIS,nominal,Uniform gaze,MSE,% reduction,3.0127791878061583,0.6028022677808408,6.3528704755748375,0.231988400579971
scale8,DAVIS,nominal,Uniform gaze,Audit PQV,% reduction,41.75843217877389,19.738001354527466,61.38336802153519,0.0119994000299985
scale8,DAVIS,nominal,Uniform gaze,PSNR,dB gain,0.25484331580571956,0.1281109690196092,0.3987385420805839,0.01079946002699865
neural_native,REDS,clean,BasicVSR++ causal (CVPR 2022) + patch + memory,MSE,% reduction,-108.4343401546505,-120.3587100275615,-97.8122838355966,0.0022498875056247186
neural_native,REDS,clean,BasicVSR++ causal (CVPR 2022) + patch + memory,Audit PQV,% reduction,91.32971045247987,87.78196501566067,94.99022836798854,0.0022498875056247186
neural_native,REDS,clean,BasicVSR++ causal (CVPR 2022) + patch + memory,Write PQV,% reduction,34.68707451180981,-7.771995682924534,60.60518171758628,0.2804859757012149
neural_native,REDS,clean,BasicVSR++ causal (CVPR 2022) + patch + memory,PSNR,dB gain,-3.364598694931707,-3.6538188625953487,-3.0821447363186363,0.0022498875056247186
neural_native,REDS,clean,BasicVSR++ causal (CVPR 2022) + TwinAudit gaze (ours),MSE,% reduction,-114.89911223722027,-128.09185319802606,-103.3463880886143,0.0022498875056247186
neural_native,REDS,clean,BasicVSR++ causal (CVPR 2022) + TwinAudit gaze (ours),Audit PQV,% reduction,87.66801980068591,83.94811247524487,92.22133435706168,0.0022498875056247186
neural_native,REDS,clean,BasicVSR++ causal (CVPR 2022) + TwinAudit gaze (ours),Write PQV,% reduction,60.846742962584536,39.65394821632855,76.02927212862411,0.00119994000299985
neural_native,REDS,clean,BasicVSR++ causal (CVPR 2022) + TwinAudit gaze (ours),PSNR,dB gain,-3.5183923107955475,-3.816003457980439,-3.2238481640861942,0.0022498875056247186
neural_native,REDS,clean,BasicVSR++ causal (CVPR 2022) + patch,MSE,% reduction,-102.26757417933695,-114.21101423310529,-91.72124613889994,0.0022498875056247186
neural_native,REDS,clean,BasicVSR++ causal (CVPR 2022) + patch,Audit PQV,% reduction,90.38411710912354,86.36297613990038,94.53183458001567,0.0022498875056247186
neural_native,REDS,clean,BasicVSR++ causal (CVPR 2022) + patch,PSNR,dB gain,-3.2556483250504726,-3.5506582301146317,-2.9655801526102255,0.0022498875056247186
neural_native,REDS,clean,"BasicVSR++ offline, non-causal (CVPR 2022) + patch",MSE,% reduction,-138.8306113835027,-155.88015049771838,-123.87173111065556,0.0022498875056247186
neural_native,REDS,clean,"BasicVSR++ offline, non-causal (CVPR 2022) + patch",Audit PQV,% reduction,92.50625701873761,89.28306559633151,95.80566164362345,0.0022498875056247186
neural_native,REDS,clean,"BasicVSR++ offline, non-causal (CVPR 2022) + patch",PSNR,dB gain,-4.01201664348131,-4.3461823306242025,-3.66589806372858,0.0022498875056247186
neural_native,REDS,clean,NanoSR (NTIRE 2025) + patch + memory,MSE,% reduction,-31.87765079189948,-38.17756026538629,-26.568494162563834,0.0022498875056247186
neural_native,REDS,clean,NanoSR (NTIRE 2025) + patch + memory,Audit PQV,% reduction,70.75933226133846,57.93147780260716,83.78663717221652,0.0022498875056247186
neural_native,REDS,clean,NanoSR (NTIRE 2025) + patch + memory,Write PQV,% reduction,67.14574110352586,52.118316288603936,77.70824316885832,0.00119994000299985
neural_native,REDS,clean,NanoSR (NTIRE 2025) + patch + memory,PSNR,dB gain,-1.3666991557877528,-1.5836732092566879,-1.1572961843651706,0.0022498875056247186
neural_native,REDS,clean,NanoSR (NTIRE 2025) + TwinAudit gaze (ours),MSE,% reduction,-36.32736532185918,-42.86286425488812,-30.879243356900655,0.0022498875056247186
neural_native,REDS,clean,NanoSR (NTIRE 2025) + TwinAudit gaze (ours),Audit PQV,% reduction,74.76452422317824,66.3186926674767,84.75808578796442,0.0022498875056247186
neural_native,REDS,clean,NanoSR (NTIRE 2025) + TwinAudit gaze (ours),Write PQV,% reduction,79.07475085888815,69.5516134468364,85.97302191498359,0.00119994000299985
neural_native,REDS,clean,NanoSR (NTIRE 2025) + TwinAudit gaze (ours),PSNR,dB gain,-1.5291409780296732,-1.7564341296815402,-1.310300886781556,0.0022498875056247186
neural_native,REDS,clean,NanoSR (NTIRE 2025) + patch,MSE,% reduction,-25.80938544157012,-33.123509744499714,-19.439653815063892,0.0022498875056247186
neural_native,REDS,clean,NanoSR (NTIRE 2025) + patch,Audit PQV,% reduction,60.04756829729389,32.94178548758052,80.0113825255621,0.0022498875056247186
neural_native,REDS,clean,NanoSR (NTIRE 2025) + patch,PSNR,dB gain,-1.1913428041479426,-1.4262186632703209,-0.9643684257716263,0.0022498875056247186
neural_native,REDS,clean,"Joint gaze, fixed proxy (prior version)",MSE,% reduction,-1.8040430022850273,-2.2099822167328544,-1.4643131654837438,0.0022498875056247186
neural_native,REDS,clean,"Joint gaze, fixed proxy (prior version)",Audit PQV,% reduction,70.56993321503043,66.84966588219805,76.00072608936212,0.0022498875056247186
neural_native,REDS,clean,"Joint gaze, fixed proxy (prior version)",PSNR,dB gain,-0.08833802638610636,-0.10707783052384803,-0.06980238426135252,0.0022498875056247186
neural_native,REDS,clean,Uniform gaze,MSE,% reduction,4.935408890050185,4.190909517033439,5.741960576885877,0.0022498875056247186
neural_native,REDS,clean,Uniform gaze,Audit PQV,% reduction,-8.024761198730568,-37.38275621693764,8.573085332382245,0.48722563871806407
neural_native,REDS,clean,Uniform gaze,PSNR,dB gain,0.23570712946362976,0.19699188400951687,0.27412858571768073,0.0022498875056247186
neural_native,REDS,clean,SCMSR (NTIRE 2025) + patch + memory,MSE,% reduction,-30.79317444514671,-37.04814727154219,-25.50843664307011,0.0022498875056247186
neural_native,REDS,clean,SCMSR (NTIRE 2025) + patch + memory,Audit PQV,% reduction,70.37392169699301,57.60962393719085,83.35398100448452,0.0022498875056247186
neural_native,REDS,clean,SCMSR (NTIRE 2025) + patch + memory,Write PQV,% reduction,67.55861145764128,53.378143048197586,77.92692225817906,0.00119994000299985
neural_native,REDS,clean,SCMSR (NTIRE 2025) + patch + memory,PSNR,dB gain,-1.3274108839793315,-1.5381707985575404,-1.1216566135880544,0.0022498875056247186
neural_native,REDS,clean,SCMSR (NTIRE 2025) + TwinAudit gaze (ours),MSE,% reduction,-35.449808205435886,-41.79935252501307,-30.16027298445349,0.0022498875056247186
neural_native,REDS,clean,SCMSR (NTIRE 2025) + TwinAudit gaze (ours),Audit PQV,% reduction,75.43981325403864,67.4530743685913,84.81679797330276,0.0022498875056247186
neural_native,REDS,clean,SCMSR (NTIRE 2025) + TwinAudit gaze (ours),Write PQV,% reduction,79.4031357519041,70.09501466959318,86.38001052813253,0.00119994000299985
neural_native,REDS,clean,SCMSR (NTIRE 2025) + TwinAudit gaze (ours),PSNR,dB gain,-1.4953770117348422,-1.7190698399596351,-1.2826070191144647,0.0022498875056247186
neural_native,REDS,clean,SCMSR (NTIRE 2025) + patch,MSE,% reduction,-24.76754421387115,-31.544088593520517,-18.71866628645814,0.0022498875056247186
neural_native,REDS,clean,SCMSR (NTIRE 2025) + patch,Audit PQV,% reduction,59.47533919166762,32.75066257602602,79.68253518586658,0.0066496675166241685
neural_native,REDS,clean,SCMSR (NTIRE 2025) + patch,PSNR,dB gain,-1.1518475806174497,-1.384632674469146,-0.9354169389358058,0.0022498875056247186
neural_native,REDS,clean,SPAN-F (NTIRE 2025) + patch + memory,MSE,% reduction,-27.067678155098072,-32.55787584809342,-22.488344684102945,0.0022498875056247186
neural_native,REDS,clean,SPAN-F (NTIRE 2025) + patch + memory,Audit PQV,% reduction,66.90940972582663,53.62149127378878,80.97854776965029,0.0022498875056247186
neural_native,REDS,clean,SPAN-F (NTIRE 2025) + patch + memory,Write PQV,% reduction,69.09488569076736,56.90654668111929,78.60159826058683,0.00119994000299985
neural_native,REDS,clean,SPAN-F (NTIRE 2025) + patch + memory,PSNR,dB gain,-1.189181840763479,-1.3863372397197946,-0.9952802382524154,0.0022498875056247186
neural_native,REDS,clean,SPAN-F (NTIRE 2025) + TwinAudit gaze (ours),MSE,% reduction,-31.57796847871399,-37.26762986002055,-26.649815754854004,0.0022498875056247186
neural_native,REDS,clean,SPAN-F (NTIRE 2025) + TwinAudit gaze (ours),Audit PQV,% reduction,73.34040482060684,64.11699762139119,84.13515839595483,0.0022498875056247186
neural_native,REDS,clean,SPAN-F (NTIRE 2025) + TwinAudit gaze (ours),Write PQV,% reduction,80.72363544977408,71.87926350219881,87.38077281629329,0.00119994000299985
neural_native,REDS,clean,SPAN-F (NTIRE 2025) + TwinAudit gaze (ours),PSNR,dB gain,-1.3598459782372345,-1.572003650137815,-1.1590048337027559,0.0022498875056247186
neural_native,REDS,clean,SPAN-F (NTIRE 2025) + patch,MSE,% reduction,-21.113624760619064,-27.55578059683465,-15.400255206741052,0.0022498875056247186
neural_native,REDS,clean,SPAN-F (NTIRE 2025) + patch,Audit PQV,% reduction,53.41580952739017,22.482313226353707,76.69721303580721,0.03239838008099595
neural_native,REDS,clean,SPAN-F (NTIRE 2025) + patch,PSNR,dB gain,-1.0096073811779045,-1.2212811465480689,-0.7989208260721745,0.0022498875056247186
main,REDS,drift,"Joint gaze, fixed proxy (prior version)",MSE,% reduction,-1.5192853091092307,-1.865479558785604,-1.185054671180303,0.00199990000499975
main,REDS,drift,"Joint gaze, fixed proxy (prior version)",Audit PQV,% reduction,72.54005241851522,70.64853085942651,74.86518327880978,0.00199990000499975
main,REDS,drift,"Joint gaze, fixed proxy (prior version)",PSNR,dB gain,-0.063724252087968,-0.07627148483180109,-0.051960755201659325,0.00199990000499975
main,REDS,drift,Ours w/o write-audit constraint,MSE,% reduction,-0.13398898127172654,-0.3663595077095677,0.06934741016984491,1.0
main,REDS,drift,Ours w/o write-audit constraint,Audit PQV,% reduction,12.152613120540368,4.232595149851583,20.882169054929207,0.00199990000499975
main,REDS,drift,Ours w/o write-audit constraint,Write PQV,% reduction,12.867691609105592,6.994974495467094,17.982530474055867,0.00439978001099945
main,REDS,drift,Ours w/o write-audit constraint,PSNR,dB gain,-0.006082475058741702,-0.014667490785797129,0.002363579258159807,0.5781710914454278
main,REDS,drift,TwinAudit-strict (κw = 1),MSE,% reduction,3.663099586645757,3.1687799552231977,4.214350365427361,0.00199990000499975
main,REDS,drift,TwinAudit-strict (κw = 1),Audit PQV,% reduction,-142.76768846396237,-165.01517068947655,-124.24114833974068,0.00199990000499975
main,REDS,drift,TwinAudit-strict (κw = 1),Write PQV,% reduction,-32.34305505433446,-70.91830113077238,-9.366070185843089,0.015599220038998052
main,REDS,drift,TwinAudit-strict (κw = 1),PSNR,dB gain,0.16629834921298173,0.14341416757487982,0.19083159259711086,0.00199990000499975
main,REDS,drift,Ours w/o online proxy mixture,MSE,% reduction,-0.5738890527316132,-0.8300223771130422,-0.3472757214954281,0.00199990000499975
main,REDS,drift,Ours w/o online proxy mixture,Audit PQV,% reduction,27.4494054393142,18.854705978089942,31.373240890063133,0.00199990000499975
main,REDS,drift,Ours w/o online proxy mixture,Write PQV,% reduction,19.28023794325966,10.623865990132082,27.379485674837728,0.000599970001499925
main,REDS,drift,Ours w/o online proxy mixture,PSNR,dB gain,-0.024909920889479527,-0.034987068476490225,-0.01581806438081218,0.00199990000499975
main,REDS,drift,Audit-only gaze,MSE,% reduction,3.490903727260297,2.910039701731835,4.146910107715743,0.00199990000499975
main,REDS,drift,Audit-only gaze,Audit PQV,% reduction,-342.16509580079094,-441.0275278847126,-300.86268818793246,0.00199990000499975
main,REDS,drift,Audit-only gaze,PSNR,dB gain,0.16077168881995238,0.13520350924134034,0.18713473506674147,0.00199990000499975
main,REDS,drift,Greedy gaze,MSE,% reduction,-1.6753643413002894,-2.0533610041167356,-1.3232044092486106,0.00199990000499975
main,REDS,drift,Greedy gaze,Audit PQV,% reduction,97.46724630184048,97.28959106670735,97.63870236538413,0.00199990000499975
main,REDS,drift,Greedy gaze,PSNR,dB gain,-0.07109176970498497,-0.08455334993275235,-0.058164830309834596,0.00199990000499975
main,REDS,drift,Risk-only gaze,MSE,% reduction,2.7756057593349426,2.363759830530921,3.2721286429917216,0.00199990000499975
main,REDS,drift,Risk-only gaze,Audit PQV,% reduction,9.977021284595367,-2.1275508885852945,17.87308029205008,0.3832808359582021
main,REDS,drift,Risk-only gaze,PSNR,dB gain,0.1319201677581706,0.11225343980245621,0.15272933057177512,0.00199990000499975
main,REDS,drift,Benefit-softmax gaze,MSE,% reduction,0.25359239171505177,-0.050370095927304015,0.5601651769667101,0.536473176341183
main,REDS,drift,Benefit-softmax gaze,Audit PQV,% reduction,84.58803328355859,80.57569879012432,86.24887745775288,0.00199990000499975
main,REDS,drift,Benefit-softmax gaze,PSNR,dB gain,0.01747760708378673,0.005902430936724296,0.028556468674555368,0.0383980800959952
main,REDS,drift,Uniform gaze,MSE,% reduction,3.5850482386653337,3.072362958839342,4.17755688230766,0.00199990000499975
main,REDS,drift,Uniform gaze,Audit PQV,% reduction,7.6827324210989705,2.088641397999295,12.75844296069916,0.1272436378181091
main,REDS,drift,Uniform gaze,PSNR,dB gain,0.16920276433791237,0.1437641522387294,0.1968160547604612,0.00199990000499975
main,REDS,drift,"PPAT (2026), M=1",MSE,% reduction,3.6236881097644336,3.103007315503288,4.194911281201509,0.00199990000499975
main,REDS,drift,"PPAT (2026), M=1",Audit PQV,% reduction,-77.30311954396407,-90.79638689171665,-64.29788515938154,0.00199990000499975
main,REDS,drift,"PPAT (2026), M=1",PSNR,dB gain,0.17018328014815082,0.14375331068470573,0.19864076183707682,0.00199990000499975
main,REDS,nominal,"Joint gaze, fixed proxy (prior version)",MSE,% reduction,-1.6054056738529443,-1.9056421353635977,-1.3014612605140832,0.00199990000499975
main,REDS,nominal,"Joint gaze, fixed proxy (prior version)",Audit PQV,% reduction,72.14692870017936,70.00509379046409,74.75713876706696,0.00199990000499975
main,REDS,nominal,"Joint gaze, fixed proxy (prior version)",PSNR,dB gain,-0.07146440281876944,-0.08381640424476916,-0.06003173825187784,0.00199990000499975
main,REDS,nominal,Ours w/o write-audit constraint,MSE,% reduction,-0.18582384728624834,-0.30148797957818163,-0.06599820377618315,0.06754662266886656
main,REDS,nominal,Ours w/o write-audit constraint,Audit PQV,% reduction,13.321622169833347,9.021733043764138,15.052337280395948,0.00199990000499975
main,REDS,nominal,Ours w/o write-audit constraint,Write PQV,% reduction,17.44148416314164,7.584490870155173,24.114976836614098,0.030248487575621222
main,REDS,nominal,Ours w/o write-audit constraint,PSNR,dB gain,-0.006529002274351115,-0.011531756946705187,-0.0014674437510058902,0.09074546272686365
main,REDS,nominal,TwinAudit-strict (κw = 1),MSE,% reduction,4.177664742811238,3.5821862750716624,4.864838834514415,0.00199990000499975
main,REDS,nominal,TwinAudit-strict (κw = 1),Audit PQV,% reduction,-159.75181122618008,-177.02798114877413,-146.67696102293172,0.00199990000499975
main,REDS,nominal,TwinAudit-strict (κw = 1),Write PQV,% reduction,-73.84261108454453,-109.68622335015642,-52.575437807980535,0.000599970001499925
main,REDS,nominal,TwinAudit-strict (κw = 1),PSNR,dB gain,0.20452834613816873,0.17249496584096366,0.23757229501103014,0.00199990000499975
main,REDS,nominal,Ours w/o online proxy mixture,MSE,% reduction,-0.5872992316571013,-0.8443385279540749,-0.3385947721046002,0.00199990000499975
main,REDS,nominal,Ours w/o online proxy mixture,Audit PQV,% reduction,19.762370820695363,12.822794003328086,25.09202640186506,0.00199990000499975
main,REDS,nominal,Ours w/o online proxy mixture,Write PQV,% reduction,20.60476478964379,12.381353087156603,26.002174946734577,0.006299685015749212
main,REDS,nominal,Ours w/o online proxy mixture,PSNR,dB gain,-0.021720570807937396,-0.03164032492541729,-0.01224046743677512,0.00199990000499975
main,REDS,nominal,Audit-only gaze,MSE,% reduction,4.371402211714348,3.7766211521096538,4.979213531565349,0.00199990000499975
main,REDS,nominal,Audit-only gaze,Audit PQV,% reduction,-395.7606729825369,-488.91123523763895,-339.16896648743773,0.00199990000499975
main,REDS,nominal,Audit-only gaze,PSNR,dB gain,0.2026744606526729,0.1739006559111901,0.23106476758162753,0.00199990000499975
main,REDS,nominal,Greedy gaze,MSE,% reduction,-1.9718709537093426,-2.3315546312649307,-1.62854641592734,0.00199990000499975
main,REDS,nominal,Greedy gaze,Audit PQV,% reduction,97.36140420915869,97.1084619790105,97.62083866590352,0.00199990000499975
main,REDS,nominal,Greedy gaze,PSNR,dB gain,-0.08996896357729062,-0.10508896415155443,-0.07583113598095671,0.00199990000499975
main,REDS,nominal,Risk-only gaze,MSE,% reduction,3.348104271764696,2.8654487005158713,3.93462349971803,0.00199990000499975
main,REDS,nominal,Risk-only gaze,Audit PQV,% reduction,0.2759576739378322,-18.448216240060667,8.25746721351688,0.9898505074746262
main,REDS,nominal,Risk-only gaze,PSNR,dB gain,0.16846606953298687,0.14202549341326265,0.19692317282448477,0.00199990000499975
main,REDS,nominal,Benefit-softmax gaze,MSE,% reduction,0.32483556817715087,0.06330331629278374,0.6239917208424961,0.14459277036148194
main,REDS,nominal,Benefit-softmax gaze,Audit PQV,% reduction,83.72902231505515,76.09053011286467,86.7587415542254,0.00199990000499975
main,REDS,nominal,Benefit-softmax gaze,PSNR,dB gain,0.022458136057894627,0.010913473674730228,0.03421976403483251,0.0063996800159992
main,REDS,nominal,Uniform gaze,MSE,% reduction,4.514004217382506,3.835037089569892,5.345677839199012,0.00199990000499975
main,REDS,nominal,Uniform gaze,Audit PQV,% reduction,-5.627182460025293,-17.870052203127226,-0.025613419706443395,0.22678866056697167
main,REDS,nominal,Uniform gaze,PSNR,dB gain,0.2257605397860414,0.18994908022059218,0.2630895147103473,0.00199990000499975
main,REDS,nominal,"PPAT (2026), M=1",MSE,% reduction,4.3032317385784395,3.700882415911912,5.0140578373680045,0.00199990000499975
main,REDS,nominal,"PPAT (2026), M=1",Audit PQV,% reduction,-93.4490725578403,-105.0830644587346,-84.19368660480659,0.00199990000499975
main,REDS,nominal,"PPAT (2026), M=1",PSNR,dB gain,0.20964243213466804,0.17993846891162465,0.23978241936692185,0.00199990000499975
neural_sensor,REDS,nominal,BasicVSR++ causal (CVPR 2022) + patch + memory,MSE,% reduction,41.703715147846566,35.80510837966323,47.51708596300673,0.0022498875056247186
neural_sensor,REDS,nominal,BasicVSR++ causal (CVPR 2022) + patch + memory,Audit PQV,% reduction,98.6342869894108,97.87577637814178,99.31793480071498,0.0022498875056247186
neural_sensor,REDS,nominal,BasicVSR++ causal (CVPR 2022) + patch + memory,Write PQV,% reduction,92.06279273349564,89.66435272146013,94.26985071924034,0.00119994000299985
neural_sensor,REDS,nominal,BasicVSR++ causal (CVPR 2022) + patch + memory,PSNR,dB gain,2.3337755007464986,1.9348499843970304,2.7919988880598527,0.0022498875056247186
neural_sensor,REDS,nominal,BasicVSR++ causal (CVPR 2022) + TwinAudit gaze (ours),MSE,% reduction,38.14035751410516,32.04238829533361,44.44266470237483,0.0022498875056247186
neural_sensor,REDS,nominal,BasicVSR++ causal (CVPR 2022) + TwinAudit gaze (ours),Audit PQV,% reduction,99.21922609573767,98.76394526338447,99.60871603163011,0.0022498875056247186
neural_sensor,REDS,nominal,BasicVSR++ causal (CVPR 2022) + TwinAudit gaze (ours),Write PQV,% reduction,96.0272942549919,94.77486511760738,97.19154438917349,0.00119994000299985
neural_sensor,REDS,nominal,BasicVSR++ causal (CVPR 2022) + TwinAudit gaze (ours),PSNR,dB gain,2.0404837982080553,1.6490358546161008,2.4896867410274526,0.0022498875056247186
neural_sensor,REDS,nominal,BasicVSR++ causal (CVPR 2022) + patch,MSE,% reduction,44.132669525429115,38.120254665531085,50.356456833939596,0.0022498875056247186
neural_sensor,REDS,nominal,BasicVSR++ causal (CVPR 2022) + patch,Audit PQV,% reduction,98.74093003795508,98.01150705199116,99.37734985161431,0.0022498875056247186
neural_sensor,REDS,nominal,BasicVSR++ causal (CVPR 2022) + patch,PSNR,dB gain,2.4839765518922317,2.053871878352509,2.9716073732140464,0.0022498875056247186
neural_sensor,REDS,nominal,"BasicVSR++ offline, non-causal (CVPR 2022) + patch",MSE,% reduction,65.85543999664371,61.436915993674965,70.10907299831725,0.0022498875056247186
neural_sensor,REDS,nominal,"BasicVSR++ offline, non-causal (CVPR 2022) + patch",Audit PQV,% reduction,99.61691825676704,99.36766984912421,99.8216405942497,0.0022498875056247186
neural_sensor,REDS,nominal,"BasicVSR++ offline, non-causal (CVPR 2022) + patch",PSNR,dB gain,4.537732881172283,4.024177719602382,5.085313340233766,0.0022498875056247186
neural_sensor,REDS,nominal,NanoSR (NTIRE 2025) + patch + memory,MSE,% reduction,-0.5461240623312769,-2.872897758758961,1.66257527616733,1.0
neural_sensor,REDS,nominal,NanoSR (NTIRE 2025) + patch + memory,Audit PQV,% reduction,81.07299287306448,72.38337073845143,89.86024818528898,0.0022498875056247186
neural_sensor,REDS,nominal,NanoSR (NTIRE 2025) + patch + memory,Write PQV,% reduction,91.25077590801531,89.18766750086327,93.17248050964866,0.00119994000299985
neural_sensor,REDS,nominal,NanoSR (NTIRE 2025) + patch + memory,PSNR,dB gain,-0.06389485772502515,-0.16026908720278785,0.03068247279806667,1.0
neural_sensor,REDS,nominal,NanoSR (NTIRE 2025) + TwinAudit gaze (ours),MSE,% reduction,-3.110694152057003,-5.503911400575965,-0.8287492024013264,0.19499025048747562
neural_sensor,REDS,nominal,NanoSR (NTIRE 2025) + TwinAudit gaze (ours),Audit PQV,% reduction,89.89084141729761,85.86042336887536,94.32485186460917,0.0022498875056247186
neural_sensor,REDS,nominal,NanoSR (NTIRE 2025) + TwinAudit gaze (ours),Write PQV,% reduction,95.29725750982662,93.87650520837917,96.56550535865766,0.00119994000299985
neural_sensor,REDS,nominal,NanoSR (NTIRE 2025) + TwinAudit gaze (ours),PSNR,dB gain,-0.1900876171343769,-0.28503047798739617,-0.09182754486598564,0.022498875056247186
neural_sensor,REDS,nominal,NanoSR (NTIRE 2025) + patch,MSE,% reduction,0.7156136668348356,-2.307917688583916,3.5759250321089255,1.0
neural_sensor,REDS,nominal,NanoSR (NTIRE 2025) + patch,Audit PQV,% reduction,77.58892786154625,65.59268887591791,88.4774609084283,0.0022498875056247186
neural_sensor,REDS,nominal,NanoSR (NTIRE 2025) + patch,PSNR,dB gain,-0.0325823808072523,-0.1417449795891776,0.07962160143698402,1.0
neural_sensor,REDS,nominal,"Joint gaze, fixed proxy (prior version)",MSE,% reduction,-1.6873651135734136,-2.0314825209817555,-1.3803664477744206,0.0022498875056247186
neural_sensor,REDS,nominal,"Joint gaze, fixed proxy (prior version)",Audit PQV,% reduction,71.92103167170191,69.57858853402968,75.39022714047837,0.0022498875056247186
neural_sensor,REDS,nominal,"Joint gaze, fixed proxy (prior version)",PSNR,dB gain,-0.07411457138965219,-0.08819300043831607,-0.060899339037039056,0.0022498875056247186
neural_sensor,REDS,nominal,Uniform gaze,MSE,% reduction,4.303047551573846,3.5860503971000743,5.1967136075937965,0.0022498875056247186
neural_sensor,REDS,nominal,Uniform gaze,Audit PQV,% reduction,9.82649542980132,-9.275702435471565,18.824527889802244,1.0
neural_sensor,REDS,nominal,Uniform gaze,PSNR,dB gain,0.2193929165067304,0.18280787169347948,0.25762722852037157,0.0022498875056247186
neural_sensor,REDS,nominal,SCMSR (NTIRE 2025) + patch + memory,MSE,% reduction,7.062324906609241,5.496651492200805,8.591915224606648,0.0022498875056247186
neural_sensor,REDS,nominal,SCMSR (NTIRE 2025) + patch + memory,Audit PQV,% reduction,86.47037004361952,79.81077277536221,92.73671769618905,0.0022498875056247186
neural_sensor,REDS,nominal,SCMSR (NTIRE 2025) + patch + memory,Write PQV,% reduction,92.51710054995303,90.82518730260006,94.25718684291874,0.00119994000299985
neural_sensor,REDS,nominal,SCMSR (NTIRE 2025) + patch + memory,PSNR,dB gain,0.3064871884869326,0.23662198189087053,0.37597234584303035,0.0022498875056247186
neural_sensor,REDS,nominal,SCMSR (NTIRE 2025) + TwinAudit gaze (ours),MSE,% reduction,4.650610698331004,3.1517002958199134,6.079354682631347,0.0022498875056247186
neural_sensor,REDS,nominal,SCMSR (NTIRE 2025) + TwinAudit gaze (ours),Audit PQV,% reduction,93.72256656618417,90.65693996876412,96.7320000847051,0.0022498875056247186
neural_sensor,REDS,nominal,SCMSR (NTIRE 2025) + TwinAudit gaze (ours),Write PQV,% reduction,96.29224224937788,95.264829605909,97.2947009298519,0.00119994000299985
neural_sensor,REDS,nominal,SCMSR (NTIRE 2025) + TwinAudit gaze (ours),PSNR,dB gain,0.17601425308590812,0.11247786394110723,0.24023177946917096,0.0028998550072496373
neural_sensor,REDS,nominal,SCMSR (NTIRE 2025) + patch,MSE,% reduction,8.17328983170783,6.057409018033475,10.177273285302384,0.0022498875056247186
neural_sensor,REDS,nominal,SCMSR (NTIRE 2025) + patch,Audit PQV,% reduction,85.1177802425797,76.92644351445746,92.50244720262484,0.0022498875056247186
neural_sensor,REDS,nominal,SCMSR (NTIRE 2025) + patch,PSNR,dB gain,0.3380031204467026,0.2527799989798229,0.42279905944006757,0.0022498875056247186
neural_sensor,REDS,nominal,SPAN-F (NTIRE 2025) + patch + memory,MSE,% reduction,-1.8523090435197842,-4.240078584534826,0.3765668974840666,1.0
neural_sensor,REDS,nominal,SPAN-F (NTIRE 2025) + patch + memory,Audit PQV,% reduction,79.84239260227378,71.06656214401602,88.68394220874634,0.0022498875056247186
neural_sensor,REDS,nominal,SPAN-F (NTIRE 2025) + patch + memory,Write PQV,% reduction,90.92743212916974,88.85095064090454,92.95241881726663,0.00119994000299985
neural_sensor,REDS,nominal,SPAN-F (NTIRE 2025) + patch + memory,PSNR,dB gain,-0.13319888701718247,-0.2347790396777678,-0.038365009214086525,0.21448927553622318
neural_sensor,REDS,nominal,SPAN-F (NTIRE 2025) + TwinAudit gaze (ours),MSE,% reduction,-4.422198943883893,-6.8043646752633595,-2.2489425794684004,0.0022498875056247186
neural_sensor,REDS,nominal,SPAN-F (NTIRE 2025) + TwinAudit gaze (ours),Audit PQV,% reduction,88.16264924165965,83.35719006535246,93.3362846636482,0.0022498875056247186
neural_sensor,REDS,nominal,SPAN-F (NTIRE 2025) + TwinAudit gaze (ours),Write PQV,% reduction,95.2829639830914,93.85694607168224,96.55559818958787,0.00119994000299985
neural_sensor,REDS,nominal,SPAN-F (NTIRE 2025) + TwinAudit gaze (ours),PSNR,dB gain,-0.2589682528866147,-0.3619460549481558,-0.16267982399124142,0.0028998550072496373
neural_sensor,REDS,nominal,SPAN-F (NTIRE 2025) + patch,MSE,% reduction,-0.5779444301807324,-3.556826904160161,2.1832057477828606,1.0
neural_sensor,REDS,nominal,SPAN-F (NTIRE 2025) + patch,Audit PQV,% reduction,74.60209084252,61.53399795789055,86.50374602194421,0.0022498875056247186
neural_sensor,REDS,nominal,SPAN-F (NTIRE 2025) + patch,PSNR,dB gain,-0.10107906216081435,-0.21453625674121052,0.015962333084370593,1.0
timing,REDS,nominal,BasicVSR++ causal (CVPR 2022) + patch + memory,MSE,% reduction,44.09361371880003,35.05027157885348,51.129952778043695,0.01171875
timing,REDS,nominal,BasicVSR++ causal (CVPR 2022) + patch + memory,Audit PQV,% reduction,98.64618563864165,97.85360547106572,99.62819206201176,0.01171875
timing,REDS,nominal,BasicVSR++ causal (CVPR 2022) + patch + memory,Write PQV,% reduction,94.57395035523044,89.65606688535419,97.11911884741964,0.00390625
timing,REDS,nominal,BasicVSR++ causal (CVPR 2022) + patch + memory,PSNR,dB gain,2.4520750528365407,1.8399895028721263,3.0447227303198448,0.01171875
timing,REDS,nominal,BasicVSR++ causal (CVPR 2022) + TwinAudit gaze (ours),MSE,% reduction,40.91088663051122,31.29661046510647,48.175197308708476,0.01171875
timing,REDS,nominal,BasicVSR++ causal (CVPR 2022) + TwinAudit gaze (ours),Audit PQV,% reduction,99.24969801873551,98.80030865174808,99.7672383565397,0.01171875
timing,REDS,nominal,BasicVSR++ causal (CVPR 2022) + TwinAudit gaze (ours),Write PQV,% reduction,96.76326608543381,94.79461262380846,98.12462593171122,0.00390625
timing,REDS,nominal,BasicVSR++ causal (CVPR 2022) + TwinAudit gaze (ours),PSNR,dB gain,2.15837110408265,1.5655759077085782,2.749251978947554,0.01171875
timing,REDS,nominal,BasicVSR++ causal (CVPR 2022) + patch,MSE,% reduction,46.43480496329136,36.45642660279169,53.64321724984209,0.01171875
timing,REDS,nominal,BasicVSR++ causal (CVPR 2022) + patch,Audit PQV,% reduction,98.72481551114548,97.99477995243767,99.6517770664905,0.01171875
timing,REDS,nominal,BasicVSR++ causal (CVPR 2022) + patch,PSNR,dB gain,2.5953989641862028,1.9252513538957239,3.240722325442217,0.01171875
timing,REDS,nominal,"BasicVSR++ offline, non-causal (CVPR 2022) + patch",MSE,% reduction,66.84633829618024,56.209816740353965,73.92562546369363,0.01171875
timing,REDS,nominal,"BasicVSR++ offline, non-causal (CVPR 2022) + patch",Audit PQV,% reduction,99.5544570920934,99.03095148266644,99.90179623770628,0.01171875
timing,REDS,nominal,"BasicVSR++ offline, non-causal (CVPR 2022) + patch",PSNR,dB gain,4.5354832555809566,3.536290584460699,5.558164949210195,0.01171875
timing,REDS,nominal,"Joint gaze, fixed proxy (prior version)",MSE,% reduction,-1.4498128805159993,-1.944199115796072,-0.9758064527561169,0.01171875
timing,REDS,nominal,"Joint gaze, fixed proxy (prior version)",Audit PQV,% reduction,72.82287154010807,71.49024721648188,78.82777139887412,0.01171875
timing,REDS,nominal,"Joint gaze, fixed proxy (prior version)",PSNR,dB gain,-0.0627332689809709,-0.08522652360440391,-0.04107577163340941,0.01171875
timing,REDS,nominal,Greedy gaze,MSE,% reduction,-1.9405952725253472,-2.806079768301274,-1.1061755886760694,0.01171875
timing,REDS,nominal,Greedy gaze,Audit PQV,% reduction,97.34835194201456,96.96653118086422,97.75502258385289,0.01171875
timing,REDS,nominal,Greedy gaze,PSNR,dB gain,-0.08849420197183164,-0.12196401691317672,-0.05797588058300315,0.01171875
bicubic,REDS,nominal,"Joint gaze, fixed proxy (prior version)",MSE,% reduction,-1.9349795382233026,-2.4460105387102966,-1.4283189692470666,0.0008999550022498875
bicubic,REDS,nominal,"Joint gaze, fixed proxy (prior version)",Audit PQV,% reduction,74.73455492105724,70.72416258881412,77.49672260956828,0.00119994000299985
bicubic,REDS,nominal,"Joint gaze, fixed proxy (prior version)",PSNR,dB gain,-0.0867240926405754,-0.1094180742683911,-0.06506655185306853,0.000599970001499925
bicubic,REDS,nominal,Ours w/o write-audit constraint,MSE,% reduction,-0.3578857163679672,-0.7765206046828138,-0.004792547545436346,0.2663866806659667
bicubic,REDS,nominal,Ours w/o write-audit constraint,Audit PQV,% reduction,18.93722392259849,1.8023125476744766,25.451485648416103,0.29573521323933805
bicubic,REDS,nominal,Ours w/o write-audit constraint,Write PQV,% reduction,9.219814209984968,-0.46292993031683444,16.50972778271618,0.11669416529173542
bicubic,REDS,nominal,Ours w/o write-audit constraint,PSNR,dB gain,-0.017174394327802624,-0.030561825077861354,-0.004245093604727764,0.08489575521223938
bicubic,REDS,nominal,Greedy gaze,MSE,% reduction,-2.8240572456819546,-3.6065085271470867,-2.026545522564314,0.0008999550022498875
bicubic,REDS,nominal,Greedy gaze,Audit PQV,% reduction,97.74158812131478,97.21187126822154,98.07698292739627,0.000599970001499925
bicubic,REDS,nominal,Greedy gaze,PSNR,dB gain,-0.12427350150925112,-0.15448299514676866,-0.0942221568189274,0.0007999600019999
bicubic,REDS,nominal,Uniform gaze,MSE,% reduction,4.93710337543336,3.869118874243205,6.376085068554686,0.000599970001499925
bicubic,REDS,nominal,Uniform gaze,Audit PQV,% reduction,13.886834550638106,-15.17942100478305,28.452428492336935,1.0
bicubic,REDS,nominal,Uniform gaze,PSNR,dB gain,0.2502063265043409,0.19433288774280838,0.3072451656252038,0.000599970001499925
scale8,REDS,nominal,"Joint gaze, fixed proxy (prior version)",MSE,% reduction,-0.6786408238523833,-1.3376471716324374,-0.09164494745648191,0.231988400579971
scale8,REDS,nominal,"Joint gaze, fixed proxy (prior version)",Audit PQV,% reduction,64.20800598798007,60.16258953164653,77.43002135054017,0.000599970001499925
scale8,REDS,nominal,"Joint gaze, fixed proxy (prior version)",PSNR,dB gain,-0.04213153080628137,-0.061602467843397866,-0.021774976441518955,0.01854907254637268
scale8,REDS,nominal,Ours w/o write-audit constraint,MSE,% reduction,-0.07784070747673955,-0.24249166304544767,0.054295268759033954,0.8100594970251488
scale8,REDS,nominal,Ours w/o write-audit constraint,Audit PQV,% reduction,19.10518329459292,14.83308553520371,28.116479594349034,0.12149392530373482
scale8,REDS,nominal,Ours w/o write-audit constraint,Write PQV,% reduction,5.592622476428366,-9.9201913672455,15.6151766824796,1.0
scale8,REDS,nominal,Ours w/o write-audit constraint,PSNR,dB gain,-0.004824943213519362,-0.009994636031274748,0.00028979495739829797,0.19979001049947503
scale8,REDS,nominal,Greedy gaze,MSE,% reduction,-0.5186078165813512,-1.4307128542148446,0.3699598334138978,0.7831108444577771
scale8,REDS,nominal,Greedy gaze,Audit PQV,% reduction,97.14299814325136,96.8058100522013,98.02753839860397,0.0013499325033748313
scale8,REDS,nominal,Greedy gaze,PSNR,dB gain,-0.04071755438337685,-0.06521739014505162,-0.011845684512138126,0.06439678016099196
scale8,REDS,nominal,Uniform gaze,MSE,% reduction,2.900866247234768,2.0717648088063574,3.891699798980656,0.00119994000299985
scale8,REDS,nominal,Uniform gaze,Audit PQV,% reduction,3.250002653275519,-9.953821254852363,29.669761981963443,0.6256187190640468
scale8,REDS,nominal,Uniform gaze,PSNR,dB gain,0.14978485377456655,0.11641811343739868,0.18420165816152886,0.00119994000299985
neural_native,REDS_train,clean,BasicVSR++ causal (CVPR 2022) + patch + memory,MSE,% reduction,-107.79707909099363,-129.55671773277243,-87.30610095753454,0.0022498875056247186
neural_native,REDS_train,clean,BasicVSR++ causal (CVPR 2022) + patch + memory,Audit PQV,% reduction,94.35633761933923,92.93246207658224,95.49458893746063,0.0022498875056247186
neural_native,REDS_train,clean,BasicVSR++ causal (CVPR 2022) + patch + memory,Write PQV,% reduction,65.78612490146965,-17.580178292748386,84.7768214232872,0.2804859757012149
neural_native,REDS_train,clean,BasicVSR++ causal (CVPR 2022) + patch + memory,PSNR,dB gain,-3.254732462168577,-3.6405940830216816,-2.8710290583024003,0.0022498875056247186
neural_native,REDS_train,clean,BasicVSR++ causal (CVPR 2022) + TwinAudit gaze (ours),MSE,% reduction,-113.41829009041757,-136.07732858152198,-91.91311115435145,0.0022498875056247186
neural_native,REDS_train,clean,BasicVSR++ causal (CVPR 2022) + TwinAudit gaze (ours),Audit PQV,% reduction,91.20562153162086,88.50334811907459,93.82306740381897,0.0022498875056247186
neural_native,REDS_train,clean,BasicVSR++ causal (CVPR 2022) + TwinAudit gaze (ours),Write PQV,% reduction,85.49676089127513,36.422419988012024,94.15727785483234,0.05384730763461827
neural_native,REDS_train,clean,BasicVSR++ causal (CVPR 2022) + TwinAudit gaze (ours),PSNR,dB gain,-3.3976755637991567,-3.7691728276070298,-2.990136498109617,0.0022498875056247186
neural_native,REDS_train,clean,BasicVSR++ causal (CVPR 2022) + patch,MSE,% reduction,-103.53750406471347,-123.99085008638974,-83.66825541552916,0.0022498875056247186
neural_native,REDS_train,clean,BasicVSR++ causal (CVPR 2022) + patch,Audit PQV,% reduction,93.89031701855373,92.22872409828841,95.18759832521009,0.0022498875056247186
neural_native,REDS_train,clean,BasicVSR++ causal (CVPR 2022) + patch,PSNR,dB gain,-3.148986271658559,-3.511246552555831,-2.754460182860527,0.0022498875056247186
neural_native,REDS_train,clean,"BasicVSR++ offline, non-causal (CVPR 2022) + patch",MSE,% reduction,-138.84149248151104,-166.42755553595728,-112.13815935833972,0.0022498875056247186
neural_native,REDS_train,clean,"BasicVSR++ offline, non-causal (CVPR 2022) + patch",Audit PQV,% reduction,95.08393193428309,93.90264345151171,96.30198247477347,0.0022498875056247186
neural_native,REDS_train,clean,"BasicVSR++ offline, non-causal (CVPR 2022) + patch",PSNR,dB gain,-3.865571247924902,-4.262278470546361,-3.419815213411883,0.0022498875056247186
neural_native,REDS_train,clean,NanoSR (NTIRE 2025) + patch + memory,MSE,% reduction,-36.66344181964376,-43.91783413170241,-29.248013331134448,0.0022498875056247186
neural_native,REDS_train,clean,NanoSR (NTIRE 2025) + patch + memory,Audit PQV,% reduction,84.85125503056625,81.32531301039363,88.6937010877529,0.0022498875056247186
neural_native,REDS_train,clean,NanoSR (NTIRE 2025) + patch + memory,Write PQV,% reduction,76.46758249616046,39.86708815022038,88.90770881111641,0.0234375
neural_native,REDS_train,clean,NanoSR (NTIRE 2025) + patch + memory,PSNR,dB gain,-1.3956729663255163,-1.6251658088949028,-1.1402582571599464,0.0022498875056247186
neural_native,REDS_train,clean,NanoSR (NTIRE 2025) + TwinAudit gaze (ours),MSE,% reduction,-40.37317886831306,-48.07046015576475,-32.82953270213007,0.0022498875056247186
neural_native,REDS_train,clean,NanoSR (NTIRE 2025) + TwinAudit gaze (ours),Audit PQV,% reduction,83.74354797801763,79.23724596066691,88.53005461886659,0.0022498875056247186
neural_native,REDS_train,clean,NanoSR (NTIRE 2025) + TwinAudit gaze (ours),Write PQV,% reduction,89.93970713374738,67.86670139547614,95.46896475377007,0.00119994000299985
neural_native,REDS_train,clean,NanoSR (NTIRE 2025) + TwinAudit gaze (ours),PSNR,dB gain,-1.5368765047154915,-1.7736072340093885,-1.2809694343460667,0.0022498875056247186
neural_native,REDS_train,clean,NanoSR (NTIRE 2025) + patch,MSE,% reduction,-31.443364600089186,-38.513852011765145,-24.296972748293836,0.0022498875056247186
neural_native,REDS_train,clean,NanoSR (NTIRE 2025) + patch,Audit PQV,% reduction,82.0047808213959,77.42360328621325,86.98096918316098,0.0022498875056247186
neural_native,REDS_train,clean,NanoSR (NTIRE 2025) + patch,PSNR,dB gain,-1.2198855130034612,-1.4585178731351183,-0.9602506684212754,0.0022498875056247186
neural_native,REDS_train,clean,"Joint gaze, fixed proxy (prior version)",MSE,% reduction,-1.7523946399039314,-2.2432758389072975,-1.292501000015965,0.0022498875056247186
neural_native,REDS_train,clean,"Joint gaze, fixed proxy (prior version)",Audit PQV,% reduction,74.04412952461283,71.89148986428572,76.14604547175927,0.0022498875056247186
neural_native,REDS_train,clean,"Joint gaze, fixed proxy (prior version)",PSNR,dB gain,-0.08342662763075079,-0.09795825827654585,-0.0671489001849862,0.0022498875056247186
neural_native,REDS_train,clean,Uniform gaze,MSE,% reduction,4.584378276228007,3.5197423221343165,5.6863525486926525,0.0022498875056247186
neural_native,REDS_train,clean,Uniform gaze,Audit PQV,% reduction,-25.087252049050623,-41.042807217747225,-13.49301250216286,0.03239838008099595
neural_native,REDS_train,clean,Uniform gaze,PSNR,dB gain,0.2282830783518346,0.17499523666256087,0.28093883202750086,0.0022498875056247186
neural_native,REDS_train,clean,SCMSR (NTIRE 2025) + patch + memory,MSE,% reduction,-35.633751843930916,-42.50831117397082,-28.838211622290416,0.0022498875056247186
neural_native,REDS_train,clean,SCMSR (NTIRE 2025) + patch + memory,Audit PQV,% reduction,84.26936792963487,79.97988005808553,88.88662312165616,0.0022498875056247186
neural_native,REDS_train,clean,SCMSR (NTIRE 2025) + patch + memory,Write PQV,% reduction,77.22242980999351,43.90546153123934,89.00200184995035,0.007799610019499025
neural_native,REDS_train,clean,SCMSR (NTIRE 2025) + patch + memory,PSNR,dB gain,-1.3676661816036164,-1.5895091059556066,-1.1281594718687644,0.0022498875056247186
neural_native,REDS_train,clean,SCMSR (NTIRE 2025) + TwinAudit gaze (ours),MSE,% reduction,-39.387487187251466,-46.778058395949124,-31.73713505262046,0.0022498875056247186
neural_native,REDS_train,clean,SCMSR (NTIRE 2025) + TwinAudit gaze (ours),Audit PQV,% reduction,84.28214271538357,79.91741982178903,88.94561518951653,0.0022498875056247186
neural_native,REDS_train,clean,SCMSR (NTIRE 2025) + TwinAudit gaze (ours),Write PQV,% reduction,90.71633726212677,72.1463583703256,95.8104218256533,0.00119994000299985
neural_native,REDS_train,clean,SCMSR (NTIRE 2025) + TwinAudit gaze (ours),PSNR,dB gain,-1.5095623307270623,-1.747435738417091,-1.252354837314105,0.0022498875056247186
neural_native,REDS_train,clean,SCMSR (NTIRE 2025) + patch,MSE,% reduction,-30.430234362678952,-37.46022211618746,-23.542063933358385,0.0022498875056247186
neural_native,REDS_train,clean,SCMSR (NTIRE 2025) + patch,Audit PQV,% reduction,81.18502560492398,75.54027936760885,87.12403698906522,0.0022498875056247186
neural_native,REDS_train,clean,SCMSR (NTIRE 2025) + patch,PSNR,dB gain,-1.1923550269802061,-1.4287869046676596,-0.9347884566609505,0.0022498875056247186
neural_native,REDS_train,clean,SPAN-F (NTIRE 2025) + patch + memory,MSE,% reduction,-31.30533766434769,-37.57838943867831,-25.115143243182274,0.0022498875056247186
neural_native,REDS_train,clean,SPAN-F (NTIRE 2025) + patch + memory,Audit PQV,% reduction,80.4477503385176,75.2969079595179,86.47738151306314,0.0022498875056247186
neural_native,REDS_train,clean,SPAN-F (NTIRE 2025) + patch + memory,Write PQV,% reduction,78.60346980243457,52.20940147630732,89.15875249742258,0.00119994000299985
neural_native,REDS_train,clean,SPAN-F (NTIRE 2025) + patch + memory,PSNR,dB gain,-1.2270318365889552,-1.437967318863464,-1.0007042420904693,0.0022498875056247186
neural_native,REDS_train,clean,SPAN-F (NTIRE 2025) + TwinAudit gaze (ours),MSE,% reduction,-35.16216837680011,-41.88369961095966,-28.428531532727455,0.0022498875056247186
neural_native,REDS_train,clean,SPAN-F (NTIRE 2025) + TwinAudit gaze (ours),Audit PQV,% reduction,82.03281962484358,75.57960472965468,87.77779097278732,0.0022498875056247186
neural_native,REDS_train,clean,SPAN-F (NTIRE 2025) + TwinAudit gaze (ours),Write PQV,% reduction,91.20679834321676,76.25999918328559,95.79372391012204,0.00119994000299985
neural_native,REDS_train,clean,SPAN-F (NTIRE 2025) + TwinAudit gaze (ours),PSNR,dB gain,-1.3769730198859778,-1.5942129538152283,-1.1419596180273455,0.0022498875056247186
neural_native,REDS_train,clean,SPAN-F (NTIRE 2025) + patch,MSE,% reduction,-26.140341563852274,-32.474678465104425,-19.648923114094565,0.0022498875056247186
neural_native,REDS_train,clean,SPAN-F (NTIRE 2025) + patch,Audit PQV,% reduction,75.70118034806686,67.91745350705499,83.58934894083065,0.0022498875056247186
neural_native,REDS_train,clean,SPAN-F (NTIRE 2025) + patch,PSNR,dB gain,-1.0464754614093377,-1.2684645491664621,-0.810375309118331,0.0022498875056247186
neural_sensor,REDS_train,nominal,BasicVSR++ causal (CVPR 2022) + patch + memory,MSE,% reduction,43.599001679291916,35.30117010062876,50.584749050390094,0.0022498875056247186
neural_sensor,REDS_train,nominal,BasicVSR++ causal (CVPR 2022) + patch + memory,Audit PQV,% reduction,99.42844004028828,98.98619098792004,99.68146505552417,0.0022498875056247186
neural_sensor,REDS_train,nominal,BasicVSR++ causal (CVPR 2022) + patch + memory,Write PQV,% reduction,93.92486923777484,88.42121783145942,96.70166432431888,0.00119994000299985
neural_sensor,REDS_train,nominal,BasicVSR++ causal (CVPR 2022) + patch + memory,PSNR,dB gain,2.327297590153477,1.8590886939979023,2.8486153073108946,0.0022498875056247186
neural_sensor,REDS_train,nominal,BasicVSR++ causal (CVPR 2022) + TwinAudit gaze (ours),MSE,% reduction,40.15137385176667,31.794366213075886,47.475643922972296,0.0022498875056247186
neural_sensor,REDS_train,nominal,BasicVSR++ causal (CVPR 2022) + TwinAudit gaze (ours),Audit PQV,% reduction,99.62610392159564,99.41336779301125,99.76318821957045,0.0022498875056247186
neural_sensor,REDS_train,nominal,BasicVSR++ causal (CVPR 2022) + TwinAudit gaze (ours),Write PQV,% reduction,97.01416778267277,94.81783783676136,98.23720505891043,0.00119994000299985
neural_sensor,REDS_train,nominal,BasicVSR++ causal (CVPR 2022) + TwinAudit gaze (ours),PSNR,dB gain,2.061981912437657,1.5996997932208301,2.5528809108745745,0.0022498875056247186
neural_sensor,REDS_train,nominal,BasicVSR++ causal (CVPR 2022) + patch,MSE,% reduction,46.19380108353673,37.75481550784492,53.396292409148224,0.0022498875056247186
neural_sensor,REDS_train,nominal,BasicVSR++ causal (CVPR 2022) + patch,Audit PQV,% reduction,99.48818385682253,99.09546629877391,99.71103439313808,0.0022498875056247186
neural_sensor,REDS_train,nominal,BasicVSR++ causal (CVPR 2022) + patch,PSNR,dB gain,2.510787574612588,2.0016575251048665,3.0582911349350614,0.0022498875056247186
neural_sensor,REDS_train,nominal,"BasicVSR++ offline, non-causal (CVPR 2022) + patch",MSE,% reduction,67.60266001029085,60.639670233227335,72.62942655135998,0.0022498875056247186
neural_sensor,REDS_train,nominal,"BasicVSR++ offline, non-causal (CVPR 2022) + patch",Audit PQV,% reduction,99.8324940024502,99.71067327287969,99.89890707222894,0.0022498875056247186
neural_sensor,REDS_train,nominal,"BasicVSR++ offline, non-causal (CVPR 2022) + patch",PSNR,dB gain,4.657563479777908,3.948633561669762,5.339788717174143,0.0022498875056247186
neural_sensor,REDS_train,nominal,NanoSR (NTIRE 2025) + patch + memory,MSE,% reduction,-1.6384926112922527,-4.553208251540242,1.3753260553560933,1.0
neural_sensor,REDS_train,nominal,NanoSR (NTIRE 2025) + patch + memory,Audit PQV,% reduction,90.0277523279415,85.41116205492054,93.5665380704619,0.0022498875056247186
neural_sensor,REDS_train,nominal,NanoSR (NTIRE 2025) + patch + memory,Write PQV,% reduction,93.64551385710135,87.35495639234877,96.66310406304187,0.00119994000299985
neural_sensor,REDS_train,nominal,NanoSR (NTIRE 2025) + patch + memory,PSNR,dB gain,-0.06901940955550057,-0.19294093987907743,0.05529408053157242,1.0
neural_sensor,REDS_train,nominal,NanoSR (NTIRE 2025) + TwinAudit gaze (ours),MSE,% reduction,-4.253518370262999,-7.384788748471921,-1.112582396160376,0.2759862006899655
neural_sensor,REDS_train,nominal,NanoSR (NTIRE 2025) + TwinAudit gaze (ours),Audit PQV,% reduction,95.00194543305409,92.45034834852287,96.89707476821341,0.0022498875056247186
neural_sensor,REDS_train,nominal,NanoSR (NTIRE 2025) + TwinAudit gaze (ours),Write PQV,% reduction,96.90368554279912,94.5158081313828,98.26494689938697,0.00119994000299985
neural_sensor,REDS_train,nominal,NanoSR (NTIRE 2025) + TwinAudit gaze (ours),PSNR,dB gain,-0.1890334674132747,-0.3089369974733639,-0.06265646696472364,0.1663916804159792
neural_sensor,REDS_train,nominal,NanoSR (NTIRE 2025) + patch,MSE,% reduction,-0.43845462277181113,-3.669745513437,2.9262335563422086,1.0
neural_sensor,REDS_train,nominal,NanoSR (NTIRE 2025) + patch,Audit PQV,% reduction,89.29500802611197,84.23537631697953,93.25408151555645,0.0022498875056247186
neural_sensor,REDS_train,nominal,NanoSR (NTIRE 2025) + patch,PSNR,dB gain,-0.01775835041532865,-0.15514049679337552,0.12335675147952863,1.0
neural_sensor,REDS_train,nominal,"Joint gaze, fixed proxy (prior version)",MSE,% reduction,-1.893491371708378,-2.440574054271305,-1.433372746598834,0.0022498875056247186
neural_sensor,REDS_train,nominal,"Joint gaze, fixed proxy (prior version)",Audit PQV,% reduction,76.80732612503918,74.10202416439577,78.888284825671,0.0022498875056247186
neural_sensor,REDS_train,nominal,"Joint gaze, fixed proxy (prior version)",PSNR,dB gain,-0.08425513603061674,-0.10334967282917147,-0.06732093225805982,0.0022498875056247186
neural_sensor,REDS_train,nominal,Uniform gaze,MSE,% reduction,3.9764734086805587,3.0368769760806544,4.954993557003817,0.0022498875056247186
neural_sensor,REDS_train,nominal,Uniform gaze,Audit PQV,% reduction,-4.10656418829356,-23.68217112871215,16.356224387623325,1.0
neural_sensor,REDS_train,nominal,Uniform gaze,PSNR,dB gain,0.1918661827459033,0.14610005751316166,0.2325670225444666,0.0022498875056247186
neural_sensor,REDS_train,nominal,SCMSR (NTIRE 2025) + patch + memory,MSE,% reduction,8.376391622663126,6.021698508749686,11.115747410915903,0.0022498875056247186
neural_sensor,REDS_train,nominal,SCMSR (NTIRE 2025) + patch + memory,Audit PQV,% reduction,93.02611091533122,89.02541099910464,95.80832280477101,0.0022498875056247186
neural_sensor,REDS_train,nominal,SCMSR (NTIRE 2025) + patch + memory,Write PQV,% reduction,94.45254327479905,89.5342709611098,96.9774162986004,0.00119994000299985
neural_sensor,REDS_train,nominal,SCMSR (NTIRE 2025) + patch + memory,PSNR,dB gain,0.38370046197340957,0.26775331646063855,0.5151637370399043,0.0022498875056247186
neural_sensor,REDS_train,nominal,SCMSR (NTIRE 2025) + TwinAudit gaze (ours),MSE,% reduction,5.710300047107564,3.393843462161436,8.280117613635904,0.0022498875056247186
neural_sensor,REDS_train,nominal,SCMSR (NTIRE 2025) + TwinAudit gaze (ours),Audit PQV,% reduction,97.0062926011689,95.27761816317626,98.16156460505786,0.0022498875056247186
neural_sensor,REDS_train,nominal,SCMSR (NTIRE 2025) + TwinAudit gaze (ours),Write PQV,% reduction,97.53760329539685,95.87696323265,98.57282745431046,0.00119994000299985
neural_sensor,REDS_train,nominal,SCMSR (NTIRE 2025) + TwinAudit gaze (ours),PSNR,dB gain,0.2514600019101046,0.1416564026008623,0.37522548871852346,0.0028998550072496373
neural_sensor,REDS_train,nominal,SCMSR (NTIRE 2025) + patch,MSE,% reduction,9.608841065613415,6.6425081147121805,13.003080683241983,0.0022498875056247186
neural_sensor,REDS_train,nominal,SCMSR (NTIRE 2025) + patch,Audit PQV,% reduction,92.94159228032628,89.02166251721016,95.8674051251125,0.0022498875056247186
neural_sensor,REDS_train,nominal,SCMSR (NTIRE 2025) + patch,PSNR,dB gain,0.4419413701391342,0.30412589503683407,0.5986203707691304,0.0022498875056247186
neural_sensor,REDS_train,nominal,SPAN-F (NTIRE 2025) + patch + memory,MSE,% reduction,-4.009069076009597,-7.246354177242683,-0.7989283326351975,0.39223038848057595
neural_sensor,REDS_train,nominal,SPAN-F (NTIRE 2025) + patch + memory,Audit PQV,% reduction,88.25103614551625,82.96367731442976,92.34833962409758,0.0022498875056247186
neural_sensor,REDS_train,nominal,SPAN-F (NTIRE 2025) + patch + memory,Write PQV,% reduction,93.51186626484308,87.15896275624246,96.57010007089676,0.00119994000299985
neural_sensor,REDS_train,nominal,SPAN-F (NTIRE 2025) + patch + memory,PSNR,dB gain,-0.18614041714934118,-0.3231384384208883,-0.049436887500007756,0.2288885555722214
neural_sensor,REDS_train,nominal,SPAN-F (NTIRE 2025) + TwinAudit gaze (ours),MSE,% reduction,-6.437355108801612,-9.749064616935549,-3.143140182549973,0.035098245087745616
neural_sensor,REDS_train,nominal,SPAN-F (NTIRE 2025) + TwinAudit gaze (ours),Audit PQV,% reduction,93.51005777783406,90.51885232902798,95.83655654191787,0.0022498875056247186
neural_sensor,REDS_train,nominal,SPAN-F (NTIRE 2025) + TwinAudit gaze (ours),Write PQV,% reduction,96.88905670948536,95.39126453485203,98.06280998036989,0.00119994000299985
neural_sensor,REDS_train,nominal,SPAN-F (NTIRE 2025) + TwinAudit gaze (ours),PSNR,dB gain,-0.29416568484834293,-0.42361373275260195,-0.15847933181650473,0.018199090045497725
neural_sensor,REDS_train,nominal,SPAN-F (NTIRE 2025) + patch,MSE,% reduction,-2.8691961964017354,-6.258326331042588,0.5949931541418239,1.0
neural_sensor,REDS_train,nominal,SPAN-F (NTIRE 2025) + patch,Audit PQV,% reduction,86.45422300236363,80.77847455277424,90.99786737143184,0.0022498875056247186
neural_sensor,REDS_train,nominal,SPAN-F (NTIRE 2025) + patch,PSNR,dB gain,-0.1372600306297233,-0.2760438017725197,0.006442608050113903,0.9338533073346332
reds_train_detail,REDS_train,nominal,"Joint gaze, fixed proxy (prior version)",MSE,% reduction,-1.5260456666252864,-1.7840451411198532,-1.3023621219289057,0.00044997750112494374
reds_train_detail,REDS_train,nominal,"Joint gaze, fixed proxy (prior version)",Audit PQV,% reduction,74.21728232512872,72.71328705991071,75.78270550504803,0.00044997750112494374
reds_train_detail,REDS_train,nominal,"Joint gaze, fixed proxy (prior version)",PSNR,dB gain,-0.07581901338206957,-0.08688900023210798,-0.06542521733890089,0.00044997750112494374
reds_train_detail,REDS_train,nominal,Ours w/o write-audit constraint,MSE,% reduction,-0.11580614837662928,-0.23163546518454314,-0.0005430296041036863,0.08759562021898905
reds_train_detail,REDS_train,nominal,Ours w/o write-audit constraint,Audit PQV,% reduction,9.438906230676125,5.952393129610285,13.331077753853677,0.00044997750112494374
reds_train_detail,REDS_train,nominal,Ours w/o write-audit constraint,Write PQV,% reduction,13.81198778903322,5.833490274940375,20.00340012981549,0.0020998950052497373
reds_train_detail,REDS_train,nominal,Ours w/o write-audit constraint,PSNR,dB gain,-0.00792341650847348,-0.012242116325265725,-0.003120171853898222,0.00279986000699965
reds_train_detail,REDS_train,nominal,Ours w/o online proxy mixture,MSE,% reduction,-0.45916981178337757,-0.5773509721410869,-0.35247679745642746,0.00044997750112494374
reds_train_detail,REDS_train,nominal,Ours w/o online proxy mixture,Audit PQV,% reduction,18.800544595603654,15.600410990988676,21.41126254179454,0.00044997750112494374
reds_train_detail,REDS_train,nominal,Ours w/o online proxy mixture,Write PQV,% reduction,9.102996319897905,2.227337827812592,16.147487641584988,0.014099295035248238
reds_train_detail,REDS_train,nominal,Ours w/o online proxy mixture,PSNR,dB gain,-0.022150923581354103,-0.027562294255308775,-0.01649921822445019,0.00044997750112494374
reds_train_detail,REDS_train,nominal,Audit-only gaze,MSE,% reduction,3.6820389494762074,3.201831912137299,4.203987561461418,0.00044997750112494374
reds_train_detail,REDS_train,nominal,Audit-only gaze,Audit PQV,% reduction,-303.307175399891,-328.90391028864445,-278.99760298731604,0.00044997750112494374
reds_train_detail,REDS_train,nominal,Audit-only gaze,PSNR,dB gain,0.19946935471918106,0.17553309609190146,0.22609939028123077,0.00044997750112494374
reds_train_detail,REDS_train,nominal,Greedy gaze,MSE,% reduction,-1.8412909265209443,-2.14114996540164,-1.5829871114286171,0.00044997750112494374
reds_train_detail,REDS_train,nominal,Greedy gaze,Audit PQV,% reduction,97.53025558336532,97.3131176576535,97.74975970251826,0.00044997750112494374
reds_train_detail,REDS_train,nominal,Greedy gaze,PSNR,dB gain,-0.09218787532176241,-0.10359364324561982,-0.08104288498263792,0.00044997750112494374
reds_train_detail,REDS_train,nominal,Risk-only gaze,MSE,% reduction,2.6220594824896692,2.235826906490524,3.068416917951335,0.00044997750112494374
reds_train_detail,REDS_train,nominal,Risk-only gaze,Audit PQV,% reduction,0.6356470314366258,-6.617533527884102,8.120998604897444,1.0
reds_train_detail,REDS_train,nominal,Risk-only gaze,PSNR,dB gain,0.14393718652760004,0.12201424413111957,0.16801792761606635,0.00044997750112494374
reds_train_detail,REDS_train,nominal,Benefit-softmax gaze,MSE,% reduction,0.21119784659182628,-0.008046213507568178,0.4186295594168176,0.08759562021898905
reds_train_detail,REDS_train,nominal,Benefit-softmax gaze,Audit PQV,% reduction,79.4021299540552,77.6094211108392,80.77932781237075,0.00044997750112494374
reds_train_detail,REDS_train,nominal,Benefit-softmax gaze,PSNR,dB gain,0.012776002207020435,0.0020686277428081366,0.022028977378382383,0.014299285035748212
reds_train_detail,REDS_train,nominal,Uniform gaze,MSE,% reduction,3.7526872124810873,3.201680254920827,4.357172528604806,0.00044997750112494374
reds_train_detail,REDS_train,nominal,Uniform gaze,Audit PQV,% reduction,1.0632782022161336,-7.934632568167197,10.712668505017684,1.0
reds_train_detail,REDS_train,nominal,Uniform gaze,PSNR,dB gain,0.20600831512854434,0.17462224830797796,0.2404523144372784,0.00044997750112494374
reds_train_detail,REDS_train,nominal,"PPAT (2026), M=1",MSE,% reduction,3.6088913824009583,3.1354746321932865,4.112463384934918,0.00044997750112494374
reds_train_detail,REDS_train,nominal,"PPAT (2026), M=1",Audit PQV,% reduction,-77.15505261316822,-91.75117585603722,-63.03952647509168,0.00044997750112494374
reds_train_detail,REDS_train,nominal,"PPAT (2026), M=1",PSNR,dB gain,0.1974616191681763,0.1703011971551217,0.22683555602398972,0.00044997750112494374
reds_train_full,REDS_train,nominal,"Joint gaze, fixed proxy (prior version)",MSE,% reduction,-1.7036061741958486,-1.8572373111169178,-1.558511702526163,0.00014999250037498125
reds_train_full,REDS_train,nominal,"Joint gaze, fixed proxy (prior version)",Audit PQV,% reduction,75.7101587813926,73.92992358270016,77.5887507025468,0.00014999250037498125
reds_train_full,REDS_train,nominal,"Joint gaze, fixed proxy (prior version)",PSNR,dB gain,-0.08185212558728755,-0.08828968718535822,-0.07581878711640162,0.00014999250037498125
reds_train_full,REDS_train,nominal,Greedy gaze,MSE,% reduction,-2.0088264914000176,-2.1832608504509237,-1.8404232566023693,0.00014999250037498125
reds_train_full,REDS_train,nominal,Greedy gaze,Audit PQV,% reduction,97.80735152857919,97.55753984321099,98.04402264933567,0.00014999250037498125
reds_train_full,REDS_train,nominal,Greedy gaze,PSNR,dB gain,-0.09608399242207866,-0.10291624493248783,-0.08960263841511448,0.00014999250037498125
reds_train_full,REDS_train,nominal,"PPAT (2026), M=1",MSE,% reduction,3.9448596084837195,3.6584227494339063,4.24555892733374,0.00014999250037498125
reds_train_full,REDS_train,nominal,"PPAT (2026), M=1",Audit PQV,% reduction,-83.62005346092315,-95.36401745235477,-71.25906597332595,0.00014999250037498125
reds_train_full,REDS_train,nominal,"PPAT (2026), M=1",PSNR,dB gain,0.21517583403298698,0.20015976913283565,0.2308011621660942,0.00014999250037498125
bicubic,REDS_train,nominal,"Joint gaze, fixed proxy (prior version)",MSE,% reduction,-1.60470498165719,-2.3484586809717314,-1.0059004797829163,0.0008999550022498875
bicubic,REDS_train,nominal,"Joint gaze, fixed proxy (prior version)",Audit PQV,% reduction,75.14673902867872,72.6465521258474,77.55907377620817,0.000999950002499875
bicubic,REDS_train,nominal,"Joint gaze, fixed proxy (prior version)",PSNR,dB gain,-0.07743994034106952,-0.10008915338292368,-0.05635339181602493,0.0007999600019999
bicubic,REDS_train,nominal,Ours w/o write-audit constraint,MSE,% reduction,-0.1354074208858247,-0.5111278655782969,0.21383530212722182,1.0
bicubic,REDS_train,nominal,Ours w/o write-audit constraint,Audit PQV,% reduction,10.670174086808748,5.01953096541256,15.6487710021083,0.05009749512524374
bicubic,REDS_train,nominal,Ours w/o write-audit constraint,Write PQV,% reduction,12.384176736991758,6.093572708817965,16.780172422300083,0.022198890055497227
bicubic,REDS_train,nominal,Ours w/o write-audit constraint,PSNR,dB gain,-0.0008276464603180026,-0.018663250888252176,0.014034246542245691,1.0
bicubic,REDS_train,nominal,Greedy gaze,MSE,% reduction,-2.2437072025837113,-3.0717025577848225,-1.5796419898034393,0.000599970001499925
bicubic,REDS_train,nominal,Greedy gaze,Audit PQV,% reduction,97.55544078513297,97.19353784874939,97.82750083139862,0.000599970001499925
bicubic,REDS_train,nominal,Greedy gaze,PSNR,dB gain,-0.10525769600287897,-0.13066120167446688,-0.08144841358291348,0.000599970001499925
bicubic,REDS_train,nominal,Uniform gaze,MSE,% reduction,4.080078703804668,3.0398606500067267,5.302772468260002,0.000599970001499925
bicubic,REDS_train,nominal,Uniform gaze,Audit PQV,% reduction,-4.340663207706763,-20.20164183814882,7.04103379350678,1.0
bicubic,REDS_train,nominal,Uniform gaze,PSNR,dB gain,0.21397855308251626,0.16626709898159128,0.26155284906713894,0.000599970001499925
scale8,REDS_train,nominal,"Joint gaze, fixed proxy (prior version)",MSE,% reduction,-0.8295318224639914,-1.3756110311691117,-0.3643410800772357,0.034648267586620665
scale8,REDS_train,nominal,"Joint gaze, fixed proxy (prior version)",Audit PQV,% reduction,71.91397935576987,70.08182608259546,74.64275775974212,0.0013499325033748313
scale8,REDS_train,nominal,"Joint gaze, fixed proxy (prior version)",PSNR,dB gain,-0.042457887058436936,-0.06086429089459356,-0.022904318302448778,0.0119994000299985
scale8,REDS_train,nominal,Ours w/o write-audit constraint,MSE,% reduction,-0.007163101121743232,-0.49817174507726325,0.370004445555626,0.9740512974351282
scale8,REDS_train,nominal,Ours w/o write-audit constraint,Audit PQV,% reduction,16.00901840358391,5.867918368575903,23.214896238034747,0.12149392530373482
scale8,REDS_train,nominal,Ours w/o write-audit constraint,Write PQV,% reduction,-1.1411876051296677,-9.532964868223829,6.41555913187364,1.0
scale8,REDS_train,nominal,Ours w/o write-audit constraint,PSNR,dB gain,-0.006463814855821681,-0.027745032966254152,0.011435002549062441,0.5939703014849258
scale8,REDS_train,nominal,Greedy gaze,MSE,% reduction,-1.0818344462125928,-1.7259163806183415,-0.5326735366658496,0.006999650017499125
scale8,REDS_train,nominal,Greedy gaze,Audit PQV,% reduction,97.58243184136644,97.35614820057263,97.83150256224616,0.0020998950052497373
scale8,REDS_train,nominal,Greedy gaze,PSNR,dB gain,-0.055402254947837314,-0.07757328793766904,-0.03402359160378026,0.0024998750062496873
scale8,REDS_train,nominal,Uniform gaze,MSE,% reduction,3.173333550696622,2.674898191279697,3.7965658007888616,0.00119994000299985
scale8,REDS_train,nominal,Uniform gaze,Audit PQV,% reduction,13.2151043550921,0.18616446685260096,25.98597250531135,0.23203839808009602
scale8,REDS_train,nominal,Uniform gaze,PSNR,dB gain,0.15846636225570165,0.13074826318526211,0.18779130822846773,0.00119994000299985
