candidate,source,regime,mse,pqv,write_pqv
-1,DAVIS:bear,nominal,0.003666953822051968,5.431370283979875e-08,0.0
0,DAVIS:bear,nominal,0.0037861424447431886,2.4817881916956886e-10,3.615075167095333e-11
1,DAVIS:bear,nominal,0.0037861424447431886,2.4817881916956886e-10,3.615075167095333e-11
2,DAVIS:bear,nominal,0.0037861424447431886,2.4817881916956886e-10,3.615075167095333e-11
3,DAVIS:bear,nominal,0.0036628063925756077,1.0125159103752144e-09,8.614826304397304e-11
4,DAVIS:bear,nominal,0.0036718388656495227,1.0200434497357884e-09,8.116521507612586e-11
5,DAVIS:bear,nominal,0.0036718388656495227,1.0200434497357884e-09,8.116521507612586e-11
6,DAVIS:bear,nominal,0.0036963644150623605,1.4453083802317554e-09,1.3176860431058478e-10
7,DAVIS:bear,nominal,0.0036878563348746764,1.5418856912044936e-09,1.4653386325717355e-10
8,DAVIS:bear,nominal,0.0036878563348746764,1.5418856912044936e-09,1.4653386325717355e-10
9,DAVIS:bear,nominal,0.0037861424447431886,2.4790711430071107e-10,3.6159802906093575e-11
10,DAVIS:bear,nominal,0.0037861424447431886,2.4790711430071107e-10,3.6159802906093575e-11
11,DAVIS:bear,nominal,0.0037861424447431886,2.4790711430071107e-10,3.6159802906093575e-11
12,DAVIS:bear,nominal,0.0036628063925756077,9.989234016077508e-10,8.6174887379445e-11
13,DAVIS:bear,nominal,0.0036718388656495227,1.0055725929961597e-09,8.120010594613998e-11
14,DAVIS:bear,nominal,0.0036718388656495227,1.0055725929961597e-09,8.120010594613998e-11
15,DAVIS:bear,nominal,0.0036963644150623605,1.4177022574865587e-09,1.319823323339007e-10
16,DAVIS:bear,nominal,0.003675342967979031,1.643131964462979e-09,1.216095150832743e-10
17,DAVIS:bear,nominal,0.003675342967979031,1.643131964462979e-09,1.216095150832743e-10
18,DAVIS:bear,nominal,0.0037861424447431886,2.475423399690556e-10,3.617976974345668e-11
19,DAVIS:bear,nominal,0.0037861424447431886,2.475423399690556e-10,3.617976974345668e-11
20,DAVIS:bear,nominal,0.0037861424447431886,2.475423399690556e-10,3.617976974345668e-11
21,DAVIS:bear,nominal,0.0036605711205869064,9.805305792513445e-10,8.513052921860426e-11
22,DAVIS:bear,nominal,0.0036718388656495227,9.783434407748486e-10,8.121203825629939e-11
23,DAVIS:bear,nominal,0.0036718388656495227,9.783434407748486e-10,8.121203825629939e-11
24,DAVIS:bear,nominal,0.0036963644150623605,1.391132204352373e-09,1.3189679401952875e-10
25,DAVIS:bear,nominal,0.0036875166190261785,1.5989703319875328e-09,1.2809217254947528e-10
26,DAVIS:bear,nominal,0.0036875166190261785,1.5989703319875328e-09,1.2809217254947528e-10
-1,DAVIS:bear,noisy,0.0038159720324814146,4.793459568791173e-08,0.0
0,DAVIS:bear,noisy,0.003965959350928862,2.2688893680200352e-10,3.5915049653871316e-11
1,DAVIS:bear,noisy,0.003965959350928862,2.2688893680200352e-10,3.5915049653871316e-11
2,DAVIS:bear,noisy,0.003965959350928862,2.2688893680200352e-10,3.5915049653871316e-11
3,DAVIS:bear,noisy,0.003846711548370055,7.756240106113895e-10,8.318201025551874e-11
4,DAVIS:bear,noisy,0.003844933057103347,7.543208395808589e-10,8.217377438503579e-11
5,DAVIS:bear,noisy,0.003844933057103347,7.543208395808589e-10,8.217377438503579e-11
6,DAVIS:bear,noisy,0.0038988788778642745,1.120865690175024e-09,7.76170983999783e-11
7,DAVIS:bear,noisy,0.003854174191883456,1.3603955719270102e-09,9.09920134169864e-11
8,DAVIS:bear,noisy,0.003854174191883456,1.3603955719270102e-09,9.09920134169864e-11
9,DAVIS:bear,noisy,0.003965959350928862,2.244721105278358e-10,3.5938823728903206e-11
10,DAVIS:bear,noisy,0.003965959350928862,2.244721105278358e-10,3.5938823728903206e-11
11,DAVIS:bear,noisy,0.003965959350928862,2.244721105278358e-10,3.5938823728903206e-11
12,DAVIS:bear,noisy,0.0038468553967782645,7.519358087570167e-10,8.622199505732894e-11
13,DAVIS:bear,noisy,0.0038468553967782645,7.519358087570167e-10,8.622199505732894e-11
14,DAVIS:bear,noisy,0.0038468553967782645,7.519358087570167e-10,8.622199505732894e-11
15,DAVIS:bear,noisy,0.0038659158520446954,1.2061513685983008e-09,8.72107742201667e-11
16,DAVIS:bear,noisy,0.0038700634780582557,1.4245890040964034e-09,9.727714470078677e-11
17,DAVIS:bear,noisy,0.0038700634780582557,1.4251312461533256e-09,9.728000972887478e-11
18,DAVIS:bear,noisy,0.003942489870394659,1.8461889560553712e-10,2.642494105381711e-11
19,DAVIS:bear,noisy,0.003942489870394659,1.8461889560553712e-10,2.642494105381711e-11
20,DAVIS:bear,noisy,0.003942489870394659,1.8461889560553712e-10,2.642494105381711e-11
21,DAVIS:bear,noisy,0.003856861767500854,6.695980642963845e-10,4.41842267143992e-11
22,DAVIS:bear,noisy,0.003856861767500854,6.695980642963845e-10,4.41842267143992e-11
23,DAVIS:bear,noisy,0.003856861767500854,6.695980642963845e-10,4.41842267143992e-11
24,DAVIS:bear,noisy,0.003863072786307185,1.2443871111514687e-09,8.38813699374142e-11
25,DAVIS:bear,noisy,0.0038749283858292944,1.3110261321438481e-09,9.229592128251815e-11
26,DAVIS:bear,noisy,0.0038749283858292944,1.311234720549362e-09,9.229803163836816e-11
-1,DAVIS:bmx-bumps,nominal,0.0017205599201245462,2.6598052802797973e-08,0.0
0,DAVIS:bmx-bumps,nominal,0.0017524927452256648,4.3335675740625435e-11,1.2340945143753175e-11
1,DAVIS:bmx-bumps,nominal,0.0017524927452256648,4.3335675740625435e-11,1.2340945143753175e-11
2,DAVIS:bmx-bumps,nominal,0.0017524927452256648,4.3335675740625435e-11,1.2340945143753175e-11
3,DAVIS:bmx-bumps,nominal,0.0017604367527833651,8.635385012987943e-11,2.913854917590222e-11
4,DAVIS:bmx-bumps,nominal,0.001774442491783005,5.992525789932493e-11,4.250659841847905e-11
5,DAVIS:bmx-bumps,nominal,0.001774442491783005,5.990015419337864e-11,4.2506603193440523e-11
6,DAVIS:bmx-bumps,nominal,0.0017335408257683905,2.4387561818734977e-10,6.288602759036023e-11
7,DAVIS:bmx-bumps,nominal,0.0017415184313869206,3.9779643836239453e-10,1.0771702093862989e-10
8,DAVIS:bmx-bumps,nominal,0.0017379089994633112,3.9915013903368824e-10,1.0863628998196758e-10
9,DAVIS:bmx-bumps,nominal,0.0017524927452256648,4.321883444148717e-11,1.2342211632046224e-11
10,DAVIS:bmx-bumps,nominal,0.0017524927452256648,4.321883444148717e-11,1.2342211632046224e-11
11,DAVIS:bmx-bumps,nominal,0.0017524927452256648,4.321883444148717e-11,1.2342211632046224e-11
12,DAVIS:bmx-bumps,nominal,0.0017604367527833651,8.59618769719425e-11,2.91420509642947e-11
13,DAVIS:bmx-bumps,nominal,0.001774442491783005,5.940548523817514e-11,4.252280327509644e-11
14,DAVIS:bmx-bumps,nominal,0.001774442491783005,5.93804422788055e-11,4.2522807596763027e-11
15,DAVIS:bmx-bumps,nominal,0.0017615296461684549,3.748880262588145e-10,9.974966629328338e-11
16,DAVIS:bmx-bumps,nominal,0.0017415065767351775,3.9099297632693267e-10,1.0805007346966332e-10
17,DAVIS:bmx-bumps,nominal,0.0017406542011727233,3.88147886287766e-10,1.0766905574379894e-10
18,DAVIS:bmx-bumps,nominal,0.0017524927452256648,4.2942329399132e-11,1.2345321655123875e-11
19,DAVIS:bmx-bumps,nominal,0.0017524927452256648,4.2942329399132e-11,1.2345321655123875e-11
20,DAVIS:bmx-bumps,nominal,0.0017524927452256648,4.2942329399132e-11,1.2345321655123875e-11
21,DAVIS:bmx-bumps,nominal,0.0017604367527833651,8.510045459805496e-11,2.915019303419588e-11
22,DAVIS:bmx-bumps,nominal,0.001772803747621519,5.863993642651217e-11,4.2692363323405024e-11
23,DAVIS:bmx-bumps,nominal,0.001772803747621519,5.861462496475617e-11,4.2692366247512174e-11
24,DAVIS:bmx-bumps,nominal,0.0017493256922692599,3.677282561841803e-10,1.0435125073883486e-10
25,DAVIS:bmx-bumps,nominal,0.0017256057340923675,3.410769706052761e-10,1.0220459804183538e-10
26,DAVIS:bmx-bumps,nominal,0.0017256057340923675,3.4118444811642504e-10,1.0220473423673785e-10
-1,DAVIS:bmx-bumps,noisy,0.0018766536114760513,2.613326133359343e-08,0.0
0,DAVIS:bmx-bumps,noisy,0.0019178083721187928,2.4709883037962044e-11,1.8781397747395877e-11
1,DAVIS:bmx-bumps,noisy,0.0019178083721187928,2.4709883037962044e-11,1.8781397747395877e-11
2,DAVIS:bmx-bumps,noisy,0.0019178083721187928,2.4709883037962044e-11,1.8781397747395877e-11
3,DAVIS:bmx-bumps,noisy,0.001898238434040448,1.5534103134778021e-10,1.0501117908737705e-10
4,DAVIS:bmx-bumps,noisy,0.001898238434040448,1.5534103134778021e-10,1.0501117908737705e-10
5,DAVIS:bmx-bumps,noisy,0.001898238434040448,1.5534103134778021e-10,1.0501117908737705e-10
6,DAVIS:bmx-bumps,noisy,0.0018834613953856636,2.8512379974772627e-10,1.2894847611820215e-10
7,DAVIS:bmx-bumps,noisy,0.0018959119922954358,2.522300053487684e-10,1.372538125306469e-10
8,DAVIS:bmx-bumps,noisy,0.0018959119922954358,2.522300053487684e-10,1.372538125306469e-10
9,DAVIS:bmx-bumps,noisy,0.0019178083721187928,2.4497574350189854e-11,1.8787940026123964e-11
10,DAVIS:bmx-bumps,noisy,0.0019178083721187928,2.4497574350189854e-11,1.8787940026123964e-11
11,DAVIS:bmx-bumps,noisy,0.0019178083721187928,2.4497574350189854e-11,1.8787940026123964e-11
12,DAVIS:bmx-bumps,noisy,0.001898238434040448,1.5298702051818253e-10,1.0512902866110077e-10
13,DAVIS:bmx-bumps,noisy,0.001898238434040448,1.5298702051818253e-10,1.0512902866110077e-10
14,DAVIS:bmx-bumps,noisy,0.001898238434040448,1.5298702051818253e-10,1.0512902866110077e-10
15,DAVIS:bmx-bumps,noisy,0.0018834613953856636,2.770890231808852e-10,1.2917565386122887e-10
16,DAVIS:bmx-bumps,noisy,0.001896348765950153,2.3646781852750645e-10,1.5147793234553818e-10
17,DAVIS:bmx-bumps,noisy,0.001896348765950153,2.3646781852750645e-10,1.5147793234553818e-10
18,DAVIS:bmx-bumps,noisy,0.0019178083721187928,2.4019165334557617e-11,1.8803765789475004e-11
19,DAVIS:bmx-bumps,noisy,0.0019178083721187928,2.4019165334557617e-11,1.8803765789475004e-11
20,DAVIS:bmx-bumps,noisy,0.0019178083721187928,2.4019165334557617e-11,1.8803765789475004e-11
21,DAVIS:bmx-bumps,noisy,0.001896842567990107,1.486082405911671e-10,1.057069739968328e-10
22,DAVIS:bmx-bumps,noisy,0.001896842567990107,1.486082405911671e-10,1.057069739968328e-10
23,DAVIS:bmx-bumps,noisy,0.001896842567990107,1.486082405911671e-10,1.057069739968328e-10
24,DAVIS:bmx-bumps,noisy,0.0018834613953856636,2.6512919804095005e-10,1.2944317299801633e-10
25,DAVIS:bmx-bumps,noisy,0.0019022370984573185,2.522526696445905e-10,2.2848077824165466e-10
26,DAVIS:bmx-bumps,noisy,0.0019022370984573185,2.522526696445905e-10,2.2848077824165466e-10
-1,DAVIS:color-run,nominal,0.0004308102707717471,8.675254711891211e-10,0.0
0,DAVIS:color-run,nominal,0.00047163286189894153,2.163288282069876e-12,5.249253710821224e-13
1,DAVIS:color-run,nominal,0.00047163286189894153,2.163288282069876e-12,5.249253710821224e-13
2,DAVIS:color-run,nominal,0.00047163286189894153,2.163288282069876e-12,5.249253710821224e-13
3,DAVIS:color-run,nominal,0.00046123717700953065,4.026027729696437e-12,7.681976060243604e-13
4,DAVIS:color-run,nominal,0.00046114682258832293,4.0549596760615895e-12,7.687490114927073e-13
5,DAVIS:color-run,nominal,0.0004611282861625514,4.045358937927692e-12,7.710682120684502e-13
6,DAVIS:color-run,nominal,0.00046042122663448074,9.578366660148159e-12,2.841943730488529e-12
7,DAVIS:color-run,nominal,0.00045713666915365406,1.0531614005088186e-11,2.2536836403203093e-12
8,DAVIS:color-run,nominal,0.00045713666915365406,1.0531614005088186e-11,2.2536836403203093e-12
9,DAVIS:color-run,nominal,0.00047163286189894153,2.1630283857753327e-12,5.249258011658281e-13
10,DAVIS:color-run,nominal,0.00047163286189894153,2.1630283857753327e-12,5.249258011658281e-13
11,DAVIS:color-run,nominal,0.00047163286189894153,2.1630283857753327e-12,5.249258011658281e-13
12,DAVIS:color-run,nominal,0.00046123717700953065,4.022540006894312e-12,7.682054597529569e-13
13,DAVIS:color-run,nominal,0.00046114682258832293,4.051421919662286e-12,7.687568831214648e-13
14,DAVIS:color-run,nominal,0.0004611282861625514,4.041829560636832e-12,7.710761605605266e-13
15,DAVIS:color-run,nominal,0.00046042122663448074,9.532321401194377e-12,2.8422485124603635e-12
16,DAVIS:color-run,nominal,0.00045713666915365406,1.0474088522023721e-11,2.2538404268124463e-12
17,DAVIS:color-run,nominal,0.00045713666915365406,1.0474088522023721e-11,2.2538404268124463e-12
18,DAVIS:color-run,nominal,0.00047163286189894153,2.1623797801129373e-12,5.249268759149151e-13
19,DAVIS:color-run,nominal,0.00047163286189894153,2.1623797801129373e-12,5.249268759149151e-13
20,DAVIS:color-run,nominal,0.00047163286189894153,2.1623797801129373e-12,5.249268759149151e-13
21,DAVIS:color-run,nominal,0.00046123717700953065,4.013930655980407e-12,7.682248597415163e-13
22,DAVIS:color-run,nominal,0.00046114682258832293,4.042688324902268e-12,7.687763268168385e-13
23,DAVIS:color-run,nominal,0.0004611282861625514,4.033116949370564e-12,7.710957940316687e-13
24,DAVIS:color-run,nominal,0.00046042122663448074,9.424315042319573e-12,2.8429895544046385e-12
25,DAVIS:color-run,nominal,0.00045713666915365406,1.0339936366701071e-11,2.254220172047781e-12
26,DAVIS:color-run,nominal,0.00045713666915365406,1.0339936366701071e-11,2.254220172047781e-12
-1,DAVIS:color-run,noisy,0.0005901593332804405,7.650246935681761e-10,0.0
0,DAVIS:color-run,noisy,0.0006276158935956675,1.0806370885032346e-12,5.06444668498697e-13
1,DAVIS:color-run,noisy,0.0006276158935956675,1.0806370885032346e-12,5.06444668498697e-13
2,DAVIS:color-run,noisy,0.0006276158935956675,1.0806370885032346e-12,5.06444668498697e-13
3,DAVIS:color-run,noisy,0.0006176044989274377,2.9633005473886567e-12,7.355417819205916e-13
4,DAVIS:color-run,noisy,0.0006127720311077181,2.9311125051910905e-12,6.957967257959285e-13
5,DAVIS:color-run,noisy,0.0006127720311077181,2.9311125051910905e-12,6.957967257959285e-13
6,DAVIS:color-run,noisy,0.0006070724660756609,7.025935001640554e-12,2.0245345999723592e-12
7,DAVIS:color-run,noisy,0.0006050942717344436,6.3359706436347415e-12,2.099201361510116e-12
8,DAVIS:color-run,noisy,0.0006050942717344436,6.3385293168684705e-12,2.0992038638174455e-12
9,DAVIS:color-run,noisy,0.0006276158935956675,1.0800449717828258e-12,5.064463956500225e-13
10,DAVIS:color-run,noisy,0.0006276158935956675,1.0800449717828258e-12,5.064463956500225e-13
11,DAVIS:color-run,noisy,0.0006276158935956675,1.0800449717828258e-12,5.064463956500225e-13
12,DAVIS:color-run,noisy,0.0006176044989274377,2.961778223909624e-12,7.355444768860266e-13
13,DAVIS:color-run,noisy,0.0006127720311077181,2.930557849908155e-12,6.957978935817581e-13
14,DAVIS:color-run,noisy,0.0006127720311077181,2.930557849908155e-12,6.957978935817581e-13
15,DAVIS:color-run,noisy,0.0006070724660756609,7.020878119200804e-12,2.0245992155831316e-12
16,DAVIS:color-run,noisy,0.0006050942717344436,6.327127365386071e-12,2.0992742948203156e-12
17,DAVIS:color-run,noisy,0.0006050942717344436,6.329725643270411e-12,2.0992768395984055e-12
18,DAVIS:color-run,noisy,0.0006276158935956675,1.0785725550824594e-12,5.064507069822059e-13
19,DAVIS:color-run,noisy,0.0006276158935956675,1.0785725550824594e-12,5.064507069822059e-13
20,DAVIS:color-run,noisy,0.0006276158935956675,1.0785725550824594e-12,5.064507069822059e-13
21,DAVIS:color-run,noisy,0.0006176044989274377,2.9580022024742735e-12,7.355512069920692e-13
22,DAVIS:color-run,noisy,0.0006127720311077181,2.92917551254047e-12,6.958008107924115e-13
23,DAVIS:color-run,noisy,0.0006127720311077181,2.92917551254047e-12,6.958008107924115e-13
24,DAVIS:color-run,noisy,0.0006070724660756609,7.008402167745328e-12,2.024759385530113e-12
25,DAVIS:color-run,noisy,0.0006050942717344436,6.305560960624067e-12,2.099453993579817e-12
26,DAVIS:color-run,noisy,0.0006050942717344436,6.308256248007557e-12,2.0994566430407103e-12
-1,DAVIS:dance-jump,nominal,0.0013503786941203302,1.2144974026353134e-08,0.0
0,DAVIS:dance-jump,nominal,0.0013921544155084994,7.503021203334051e-11,2.3472019712989728e-11
1,DAVIS:dance-jump,nominal,0.0013921544155084994,7.503021203334051e-11,2.3472019712989728e-11
2,DAVIS:dance-jump,nominal,0.0013921544155084994,7.503021203334051e-11,2.3472019712989728e-11
3,DAVIS:dance-jump,nominal,0.001407699784418081,1.5618941185441738e-10,2.525575526476181e-11
4,DAVIS:dance-jump,nominal,0.0014088743442300287,1.5929060675675743e-10,2.5371519667995972e-11
5,DAVIS:dance-jump,nominal,0.0014088743442300287,1.5929060675675743e-10,2.5371519667995972e-11
6,DAVIS:dance-jump,nominal,0.001374274017639937,2.5722535546763776e-10,4.8914760089467716e-11
7,DAVIS:dance-jump,nominal,0.0013674752294311507,2.830235133821819e-10,7.153001259690929e-11
8,DAVIS:dance-jump,nominal,0.0013674752294311507,2.830235133821819e-10,7.153001259690929e-11
9,DAVIS:dance-jump,nominal,0.0013921544155084994,7.495441764761119e-11,2.3473216656681953e-11
10,DAVIS:dance-jump,nominal,0.0013921544155084994,7.495441764761119e-11,2.3473216656681953e-11
11,DAVIS:dance-jump,nominal,0.0013921544155084994,7.495441764761119e-11,2.3473216656681953e-11
12,DAVIS:dance-jump,nominal,0.001407699784418081,1.5590899494107512e-10,2.5256787807430058e-11
13,DAVIS:dance-jump,nominal,0.0014088743442300287,1.5901992306348676e-10,2.5372481680063096e-11
14,DAVIS:dance-jump,nominal,0.0014088743442300287,1.5901992306348676e-10,2.5372481680063096e-11
15,DAVIS:dance-jump,nominal,0.001374274017639937,2.564689213754103e-10,4.89811893142186e-11
16,DAVIS:dance-jump,nominal,0.0013758742667118995,2.50094275557136e-10,7.017848376760746e-11
17,DAVIS:dance-jump,nominal,0.0013758742667118995,2.50094275557136e-10,7.017848376760746e-11
18,DAVIS:dance-jump,nominal,0.0013921544155084994,7.478626206951761e-11,2.3476053281187107e-11
19,DAVIS:dance-jump,nominal,0.0013921544155084994,7.478626206951761e-11,2.3476053281187107e-11
20,DAVIS:dance-jump,nominal,0.0013921544155084994,7.478626206951761e-11,2.3476053281187107e-11
21,DAVIS:dance-jump,nominal,0.001407699784418081,1.5524716702316052e-10,2.525923812959573e-11
22,DAVIS:dance-jump,nominal,0.0014088743442300287,1.5837969800959056e-10,2.5374770672347274e-11
23,DAVIS:dance-jump,nominal,0.0014088743442300287,1.5837969800959056e-10,2.5374770672347274e-11
24,DAVIS:dance-jump,nominal,0.0013898986114533065,2.2033467415504604e-10,4.992809438892336e-11
25,DAVIS:dance-jump,nominal,0.0013805922229306587,2.1608578086717732e-10,3.527455855869652e-11
26,DAVIS:dance-jump,nominal,0.0013805922229306587,2.1608578086717732e-10,3.527455855869652e-11
-1,DAVIS:dance-jump,noisy,0.0015052010551406421,1.2064319597561929e-08,0.0
0,DAVIS:dance-jump,noisy,0.0015947557019712795,3.234876219864355e-11,1.036284301837147e-11
1,DAVIS:dance-jump,noisy,0.0015947557019712795,3.234876219864355e-11,1.036284301837147e-11
2,DAVIS:dance-jump,noisy,0.0015947557019712795,3.234876219864355e-11,1.036284301837147e-11
3,DAVIS:dance-jump,noisy,0.001533646999417995,1.4408911470025394e-10,3.8395055249135246e-11
4,DAVIS:dance-jump,noisy,0.001533646999417995,1.4408911470025394e-10,3.8395055249135246e-11
5,DAVIS:dance-jump,noisy,0.001533646999417995,1.4408911470025394e-10,3.8395055249135246e-11
6,DAVIS:dance-jump,noisy,0.0015473309637255967,1.988492632505704e-10,6.776241529643763e-11
7,DAVIS:dance-jump,noisy,0.0015268338750276745,3.4774755855279866e-10,7.984834385203856e-11
8,DAVIS:dance-jump,noisy,0.0015268338750276745,3.4774755855279866e-10,7.984834385203856e-11
9,DAVIS:dance-jump,noisy,0.0015947557019712795,3.23284893548743e-11,1.0363146026454054e-11
10,DAVIS:dance-jump,noisy,0.0015947557019712795,3.23284893548743e-11,1.0363146026454054e-11
11,DAVIS:dance-jump,noisy,0.0015947557019712795,3.23284893548743e-11,1.0363146026454054e-11
12,DAVIS:dance-jump,noisy,0.001533646999417995,1.4371871161790473e-10,3.8399556392117434e-11
13,DAVIS:dance-jump,noisy,0.001533646999417995,1.4371871161790473e-10,3.8399556392117434e-11
14,DAVIS:dance-jump,noisy,0.001533646999417995,1.4371871161790473e-10,3.8399556392117434e-11
15,DAVIS:dance-jump,noisy,0.0015413738796168106,2.502376279190898e-10,4.553568167599574e-11
16,DAVIS:dance-jump,noisy,0.0015258875132989186,3.499401464320331e-10,8.03450200514845e-11
17,DAVIS:dance-jump,noisy,0.0015258875132989186,3.499401464320331e-10,8.03450200514845e-11
18,DAVIS:dance-jump,noisy,0.0015947557019712795,3.2280220488743285e-11,1.0363893171210672e-11
19,DAVIS:dance-jump,noisy,0.0015947557019712795,3.2280220488743285e-11,1.0363893171210672e-11
20,DAVIS:dance-jump,noisy,0.0015947557019712795,3.2280220488743285e-11,1.0363893171210672e-11
21,DAVIS:dance-jump,noisy,0.001533646999417995,1.4290010258470227e-10,3.841029475833374e-11
22,DAVIS:dance-jump,noisy,0.001533646999417995,1.4290010258470227e-10,3.841029475833374e-11
23,DAVIS:dance-jump,noisy,0.001533646999417995,1.4290010258470227e-10,3.841029475833374e-11
24,DAVIS:dance-jump,noisy,0.0015603204428752458,2.2656782144431438e-10,4.546513273665968e-11
25,DAVIS:dance-jump,noisy,0.0015351440313081646,3.080247738072926e-10,6.515882028947582e-11
26,DAVIS:dance-jump,noisy,0.0015351440313081646,3.080247738072926e-10,6.515882028947582e-11
-1,DAVIS:night-race,nominal,0.000909327144595471,1.2757678477326434e-08,0.0
0,DAVIS:night-race,nominal,0.0009312150785651196,1.2298970280348486e-10,1.7560010420700116e-11
1,DAVIS:night-race,nominal,0.0009312150785651196,1.2298970280348486e-10,1.7560010420700116e-11
2,DAVIS:night-race,nominal,0.0009312150785651196,1.2298970280348486e-10,1.7560010420700116e-11
3,DAVIS:night-race,nominal,0.0009488123571935103,1.4356200193136376e-10,2.7779124547817158e-11
4,DAVIS:night-race,nominal,0.0009488123571935103,1.435986051420887e-10,2.7781462767652615e-11
5,DAVIS:night-race,nominal,0.0009488123571935103,1.435986051420887e-10,2.7781462767652615e-11
6,DAVIS:night-race,nominal,0.00092815492288278,1.1810832015465651e-09,9.989912697228814e-11
7,DAVIS:night-race,nominal,0.0009253898506207941,1.2337365155522748e-09,1.0065776681918494e-10
8,DAVIS:night-race,nominal,0.0009253898506207941,1.233755115380204e-09,1.0065776696141709e-10
9,DAVIS:night-race,nominal,0.0009312150785651196,1.2286875554398814e-10,1.7561412734880407e-11
10,DAVIS:night-race,nominal,0.0009312150785651196,1.2286875554398814e-10,1.7561412734880407e-11
11,DAVIS:night-race,nominal,0.0009312150785651196,1.2286875554398814e-10,1.7561412734880407e-11
12,DAVIS:night-race,nominal,0.0009488123571935103,1.4207679184481497e-10,2.7803446975431802e-11
13,DAVIS:night-race,nominal,0.0009488123571935103,1.4211291587593127e-10,2.780579721692648e-11
14,DAVIS:night-race,nominal,0.0009488123571935103,1.4211291587593127e-10,2.780579721692648e-11
15,DAVIS:night-race,nominal,0.00092815492288278,1.1787145787280318e-09,9.991867901660234e-11
16,DAVIS:night-race,nominal,0.0009253898506207941,1.2314687925890708e-09,1.0070479883397801e-10
17,DAVIS:night-race,nominal,0.0009253898506207941,1.2314871458446528e-09,1.0070479897542004e-10
18,DAVIS:night-race,nominal,0.0009353865011821696,8.853993742544583e-11,9.863749500624749e-12
19,DAVIS:night-race,nominal,0.0009353865011821696,8.853993742544583e-11,9.863749500624749e-12
20,DAVIS:night-race,nominal,0.0009353865011821696,8.853993742544583e-11,9.863749500624749e-12
21,DAVIS:night-race,nominal,0.0009488123571935103,1.3881608739096254e-10,2.7864542883883717e-11
22,DAVIS:night-race,nominal,0.0009488123571935103,1.3885112032011705e-10,2.7866922370319936e-11
23,DAVIS:night-race,nominal,0.0009488123571935103,1.3885112032011705e-10,2.7866922370319936e-11
24,DAVIS:night-race,nominal,0.0009280635167777365,1.172388671333489e-09,9.996777864839935e-11
25,DAVIS:night-race,nominal,0.000925301472429263,1.224703668525027e-09,1.0076823374362674e-10
26,DAVIS:night-race,nominal,0.000925301472429263,1.2247215622696254e-09,1.0076823388433725e-10
-1,DAVIS:night-race,noisy,0.0010578678254233584,1.1592631981387766e-08,0.0
0,DAVIS:night-race,noisy,0.001137097470101244,2.5477793640715676e-11,1.1733230963960365e-11
1,DAVIS:night-race,noisy,0.001137097470101244,2.5477797966283098e-11,1.1733230967247752e-11
2,DAVIS:night-race,noisy,0.001137097470101244,2.5477797966283098e-11,1.1733230967247752e-11
3,DAVIS:night-race,noisy,0.0011064605746736228,7.954351502319101e-11,1.8908088198602288e-11
4,DAVIS:night-race,noisy,0.001112104484608855,7.987427860469469e-11,1.885221895284772e-11
5,DAVIS:night-race,noisy,0.001112104484608855,7.987427860469469e-11,1.885221895284772e-11
6,DAVIS:night-race,noisy,0.0010956599379442664,3.478363444062033e-10,6.925746773016051e-11
7,DAVIS:night-race,noisy,0.0010819321185247556,4.14159933740332e-10,7.823565625257374e-11
8,DAVIS:night-race,noisy,0.0010819321185247556,4.14159933740332e-10,7.823565625257374e-11
9,DAVIS:night-race,noisy,0.001137097470101244,2.5444541490305307e-11,1.1733704274033425e-11
10,DAVIS:night-race,noisy,0.001137097470101244,2.5444545872666823e-11,1.1733704277374885e-11
11,DAVIS:night-race,noisy,0.001137097470101244,2.5444545872666823e-11,1.1733704277374885e-11
12,DAVIS:night-race,noisy,0.0011064605746736228,7.92388599709639e-11,1.8912685334204957e-11
13,DAVIS:night-race,noisy,0.001112104484608855,7.955666543747241e-11,1.8856830067660585e-11
14,DAVIS:night-race,noisy,0.001112104484608855,7.955666543747241e-11,1.8856830067660585e-11
15,DAVIS:night-race,noisy,0.0010956599379442664,3.4703490157046273e-10,6.931147345435199e-11
16,DAVIS:night-race,noisy,0.0010819321185247556,4.1071945990051383e-10,7.831986007964555e-11
17,DAVIS:night-race,noisy,0.0010819321185247556,4.1071984439431275e-10,7.83198603455466e-11
18,DAVIS:night-race,noisy,0.001137097470101244,2.5364570264981517e-11,1.1734884345510496e-11
19,DAVIS:night-race,noisy,0.001137097470101244,2.536457479653593e-11,1.1734884348993643e-11
20,DAVIS:night-race,noisy,0.001137097470101244,2.536457479653593e-11,1.1734884348993643e-11
21,DAVIS:night-race,noisy,0.0011000019717325503,8.461659273580747e-11,2.1999978398266416e-11
22,DAVIS:night-race,noisy,0.0011000019717325503,8.461659273580747e-11,2.1999978398266416e-11
23,DAVIS:night-race,noisy,0.0011000019717325503,8.461659273580747e-11,2.1999978398266416e-11
24,DAVIS:night-race,noisy,0.0010956599379442664,3.4523156640212025e-10,6.945503593908039e-11
25,DAVIS:night-race,noisy,0.001083079984839445,4.174093258108862e-10,8.008240456573288e-11
26,DAVIS:night-race,noisy,0.001083079984839445,4.174878087406066e-10,8.00824501663808e-11
-1,DAVIS:rallye,nominal,0.004374305824014051,1.838869402486743e-05,0.0
0,DAVIS:rallye,nominal,0.008043141090918164,8.675237140681285e-09,7.419685499281564e-11
1,DAVIS:rallye,nominal,0.008043141090918164,8.675237140681285e-09,7.419685499281564e-11
2,DAVIS:rallye,nominal,0.008043141090918164,8.675237140681285e-09,7.419685499281564e-11
3,DAVIS:rallye,nominal,0.005689656436989721,9.68368507545413e-08,5.998848552662944e-10
4,DAVIS:rallye,nominal,0.005689656436989721,9.698657256940476e-08,6.043417010094611e-10
5,DAVIS:rallye,nominal,0.005689656436989721,9.698657256940476e-08,6.043417010094611e-10
6,DAVIS:rallye,nominal,0.005468692867390394,2.4141096245543716e-07,8.881649360927557e-10
7,DAVIS:rallye,nominal,0.005555823061208867,2.60057173043014e-07,1.0706873720754328e-09
8,DAVIS:rallye,nominal,0.005555823061208867,2.602035249890824e-07,1.0706838247801516e-09
9,DAVIS:rallye,nominal,0.008100712083009824,5.674464945173668e-09,6.744729213457679e-11
10,DAVIS:rallye,nominal,0.008100712083009824,5.674464945173668e-09,6.744729213457679e-11
11,DAVIS:rallye,nominal,0.008100712083009824,5.674464945173668e-09,6.744729213457679e-11
12,DAVIS:rallye,nominal,0.005699566222316185,5.6664540366041646e-08,5.970168115141853e-10
13,DAVIS:rallye,nominal,0.005699566222316185,5.6787218698551745e-08,6.017550268085405e-10
14,DAVIS:rallye,nominal,0.005699566222316185,5.6787218698551745e-08,6.017550268085405e-10
15,DAVIS:rallye,nominal,0.005468692867390394,1.6332771253168598e-07,8.872087840757523e-10
16,DAVIS:rallye,nominal,0.005546565814548587,1.7909445167718007e-07,1.0709682028391261e-09
17,DAVIS:rallye,nominal,0.005546565814548587,1.7915640941501062e-07,1.070964810796308e-09
18,DAVIS:rallye,nominal,0.00811406763098072,3.477508214527444e-09,6.419166603425723e-11
19,DAVIS:rallye,nominal,0.00811406763098072,3.477508214527444e-09,6.419166603425723e-11
20,DAVIS:rallye,nominal,0.00811406763098072,3.477508214527444e-09,6.419166603425723e-11
21,DAVIS:rallye,nominal,0.005735461500384678,3.732215149906385e-08,8.838173956703267e-10
22,DAVIS:rallye,nominal,0.005720646414231985,3.754009401575027e-08,9.264131043316022e-10
23,DAVIS:rallye,nominal,0.005720646414231985,3.754009401575027e-08,9.264131043316022e-10
24,DAVIS:rallye,nominal,0.005471253618577841,6.873596310661747e-08,8.071816651696443e-10
25,DAVIS:rallye,nominal,0.005478711858118134,8.552535067774587e-08,9.817022483780764e-10
26,DAVIS:rallye,nominal,0.005478711858118134,8.560815602457611e-08,9.817005900837183e-10
-1,DAVIS:rallye,noisy,0.0048915943981132585,1.5210188231425287e-05,0.0
0,DAVIS:rallye,noisy,0.009238066331127026,1.6245569775245208e-09,3.726467753952286e-11
1,DAVIS:rallye,noisy,0.009238066331127026,1.624647216192771e-09,3.726586800966453e-11
2,DAVIS:rallye,noisy,0.009238066331127026,1.624647216192771e-09,3.726586800966453e-11
3,DAVIS:rallye,noisy,0.006787311843706358,6.099601872547916e-08,3.4322772789456166e-10
4,DAVIS:rallye,noisy,0.006787290735566336,6.221621727584918e-08,3.436155454046982e-10
5,DAVIS:rallye,noisy,0.006787290735566336,6.235890963716994e-08,3.4361575688426626e-10
6,DAVIS:rallye,noisy,0.006407332706337449,1.6867208632467618e-07,2.4578146047690043e-10
7,DAVIS:rallye,noisy,0.006257190407997527,1.943345909574326e-07,5.045686965229219e-10
8,DAVIS:rallye,noisy,0.006321503664160755,1.8739822793511103e-07,5.031527520699557e-10
9,DAVIS:rallye,noisy,0.009238066331127026,1.2554756444521465e-09,3.743450476722797e-11
10,DAVIS:rallye,noisy,0.009238066331127026,1.2551494017886897e-09,3.7435769966895414e-11
11,DAVIS:rallye,noisy,0.009238066331127026,1.2551494017886897e-09,3.7435769966895414e-11
12,DAVIS:rallye,noisy,0.006785334005484692,4.2055864249363375e-08,3.4387852158910007e-10
13,DAVIS:rallye,noisy,0.006788442578553204,4.2817183882126125e-08,3.441140576919077e-10
14,DAVIS:rallye,noisy,0.006782178584012638,4.2531589239432965e-08,3.4810812680985456e-10
15,DAVIS:rallye,noisy,0.006407332706337449,1.260894814334289e-07,2.453552305037483e-10
16,DAVIS:rallye,noisy,0.00626036526855889,1.4085997222775894e-07,3.7621937242984047e-10
17,DAVIS:rallye,noisy,0.006321503664160755,1.38145988515701e-07,5.045855498378129e-10
18,DAVIS:rallye,noisy,0.009237207924502507,8.776408436866587e-10,3.7833112964488025e-11
19,DAVIS:rallye,noisy,0.009237207924502507,8.770532196897222e-10,3.783448168325492e-11
20,DAVIS:rallye,noisy,0.009237207924502507,8.770532196897222e-10,3.783448168325492e-11
21,DAVIS:rallye,noisy,0.0067845169660367055,2.9246305224859928e-08,3.047880906153858e-10
22,DAVIS:rallye,noisy,0.0067848975945883775,2.88186190258211e-08,3.4897816763608395e-10
23,DAVIS:rallye,noisy,0.0067848975945883775,2.8898219617452213e-08,3.4897139506420674e-10
24,DAVIS:rallye,noisy,0.006396522366080671,6.986713264140252e-08,2.4907814827982954e-10
25,DAVIS:rallye,noisy,0.006353282730960144,8.350425494010556e-08,5.139122186141684e-10
26,DAVIS:rallye,noisy,0.006353282730960144,8.479792750960509e-08,5.137453313342752e-10
-1,DAVIS:rhino,nominal,0.0016190030493380657,2.315677989297679e-08,0.0
0,DAVIS:rhino,nominal,0.0017518665544593785,6.160460907179642e-11,7.950805320882419e-12
1,DAVIS:rhino,nominal,0.0017518665544593785,6.160460907179642e-11,7.950805320882419e-12
2,DAVIS:rhino,nominal,0.0017518665544593785,6.160460907179642e-11,7.950805320882419e-12
3,DAVIS:rhino,nominal,0.0016777102546652505,1.9871076880226579e-10,1.9393138698667205e-11
4,DAVIS:rhino,nominal,0.0016777102546652505,1.9871076880226579e-10,1.9393138698667205e-11
5,DAVIS:rhino,nominal,0.0016777102546652505,1.9871076880226579e-10,1.9393138698667205e-11
6,DAVIS:rhino,nominal,0.0016417496993726766,4.686134309599562e-10,4.5397002863389294e-11
7,DAVIS:rhino,nominal,0.0016356915074343967,4.4296074143848846e-10,4.764614189285547e-11
8,DAVIS:rhino,nominal,0.0016356915074343967,4.4296074143848846e-10,4.764614189285547e-11
9,DAVIS:rhino,nominal,0.0017518665544593785,6.103393918769623e-11,7.950670418116241e-12
10,DAVIS:rhino,nominal,0.0017518665544593785,6.103393918769623e-11,7.950670418116241e-12
11,DAVIS:rhino,nominal,0.0017518665544593785,6.103393918769623e-11,7.950670418116241e-12
12,DAVIS:rhino,nominal,0.0016807078758473578,2.0363767627258252e-10,2.3304736326842308e-11
13,DAVIS:rhino,nominal,0.0016807078758473578,2.0363767627258252e-10,2.3304736326842308e-11
14,DAVIS:rhino,nominal,0.0016807078758473578,2.0363767627258252e-10,2.3304736326842308e-11
15,DAVIS:rhino,nominal,0.001639112353314649,4.716498247058568e-10,3.89936233612318e-11
16,DAVIS:rhino,nominal,0.0016133053192474405,5.600094985934785e-10,5.888393382132232e-11
17,DAVIS:rhino,nominal,0.0016133053192474405,5.600094985934785e-10,5.888393382132232e-11
18,DAVIS:rhino,nominal,0.0017523654781183224,5.832689438206186e-11,8.584202942255787e-12
19,DAVIS:rhino,nominal,0.0017523654781183224,5.832689438206186e-11,8.584202942255787e-12
20,DAVIS:rhino,nominal,0.0017523654781183224,5.832689438206186e-11,8.584202942255787e-12
21,DAVIS:rhino,nominal,0.0016807078758473578,1.978596909499058e-10,2.3289489080672712e-11
22,DAVIS:rhino,nominal,0.0016807078758473578,1.978596909499058e-10,2.3289489080672712e-11
23,DAVIS:rhino,nominal,0.0016807078758473578,1.978596909499058e-10,2.3289489080672712e-11
24,DAVIS:rhino,nominal,0.001639112353314649,4.672880603681702e-10,3.899339439831366e-11
25,DAVIS:rhino,nominal,0.0016345260024087736,4.2889066411189135e-10,4.8084492205398076e-11
26,DAVIS:rhino,nominal,0.0016345260024087736,4.28968830461792e-10,4.808449136908925e-11
-1,DAVIS:rhino,noisy,0.0017962053166177133,1.875025671247835e-08,0.0
0,DAVIS:rhino,noisy,0.0019583494833596876,5.083907777641388e-11,5.923067438401349e-12
1,DAVIS:rhino,noisy,0.0019583494833596876,5.083907777641388e-11,5.923067438401349e-12
2,DAVIS:rhino,noisy,0.0019583494833596876,5.083907777641388e-11,5.923067438401349e-12
3,DAVIS:rhino,noisy,0.001856815022748021,1.7606144384674547e-10,1.9780346795949146e-11
4,DAVIS:rhino,noisy,0.001856815022748021,1.7625170146375372e-10,1.9784187374608898e-11
5,DAVIS:rhino,noisy,0.001856815022748021,1.7625170146375372e-10,1.9784187374608898e-11
6,DAVIS:rhino,noisy,0.001822357878519706,5.235366786317828e-10,4.040038618607667e-11
7,DAVIS:rhino,noisy,0.0018209052340070154,4.8785032481324e-10,3.462287179013519e-11
8,DAVIS:rhino,noisy,0.0018209052340070154,4.8785032481324e-10,3.462287179013519e-11
9,DAVIS:rhino,noisy,0.0019583494833596876,5.070857738106263e-11,5.923689787831028e-12
10,DAVIS:rhino,noisy,0.0019583494833596876,5.070857738106263e-11,5.923689787831028e-12
11,DAVIS:rhino,noisy,0.0019583494833596876,5.070857738106263e-11,5.923689787831028e-12
12,DAVIS:rhino,noisy,0.0018468978093810389,1.9513602424244774e-10,2.2230841679884636e-11
13,DAVIS:rhino,noisy,0.0018468978093810389,1.9513602424244774e-10,2.2230841679884636e-11
14,DAVIS:rhino,noisy,0.0018468978093810389,1.9513602424244774e-10,2.2230841679884636e-11
15,DAVIS:rhino,noisy,0.001822357878519706,5.247593941214963e-10,4.040684927340865e-11
16,DAVIS:rhino,noisy,0.0018209052340070154,4.877563867761603e-10,3.4632757257293214e-11
17,DAVIS:rhino,noisy,0.0018209052340070154,4.877563867761603e-10,3.4632757257293214e-11
18,DAVIS:rhino,noisy,0.0019583494833596876,5.04082991247881e-11,5.9251867986045304e-12
19,DAVIS:rhino,noisy,0.0019583494833596876,5.04082991247881e-11,5.9251867986045304e-12
20,DAVIS:rhino,noisy,0.0019583494833596876,5.04082991247881e-11,5.9251867986045304e-12
21,DAVIS:rhino,noisy,0.001841730941256937,1.9425091520917999e-10,2.3578489138616304e-11
22,DAVIS:rhino,noisy,0.001841730941256937,1.9438852128093836e-10,2.3582619686957912e-11
23,DAVIS:rhino,noisy,0.001841730941256937,1.9438852128093836e-10,2.3582619686957912e-11
24,DAVIS:rhino,noisy,0.001822357878519706,5.270669011903261e-10,4.0402318777766547e-11
25,DAVIS:rhino,noisy,0.0018209052340070154,4.867051377632969e-10,3.463329817265008e-11
26,DAVIS:rhino,noisy,0.0018209052340070154,4.867051377632969e-10,3.463329817265008e-11
-1,DAVIS:rollerblade,nominal,0.001979635718693021,2.2183448418265268e-08,0.0
0,DAVIS:rollerblade,nominal,0.0021167305005026084,1.0871432449771914e-10,9.131802210322754e-11
1,DAVIS:rollerblade,nominal,0.0021167305005026084,1.0871432449771914e-10,9.131802210322754e-11
2,DAVIS:rollerblade,nominal,0.0021167305005026084,1.0871432449771914e-10,9.131802210322754e-11
3,DAVIS:rollerblade,nominal,0.0020988446904523415,1.817680040935188e-10,8.053853817185111e-11
4,DAVIS:rollerblade,nominal,0.0020985132004652705,1.970452663547788e-10,1.2521691816651595e-10
5,DAVIS:rollerblade,nominal,0.0020985132004652705,1.970452663547788e-10,1.2521691816651595e-10
6,DAVIS:rollerblade,nominal,0.002064653936179723,5.92255450071575e-10,1.769196151486118e-10
7,DAVIS:rollerblade,nominal,0.002036424860694736,6.697558901871885e-10,1.7262985529670868e-10
8,DAVIS:rollerblade,nominal,0.002054420419839807,6.45294127727376e-10,1.814171172364361e-10
9,DAVIS:rollerblade,nominal,0.0021167305005026084,1.0875986713417396e-10,9.131983313701796e-11
10,DAVIS:rollerblade,nominal,0.0021167305005026084,1.0875986713417396e-10,9.131983313701796e-11
11,DAVIS:rollerblade,nominal,0.0021167305005026084,1.0875986713417396e-10,9.131983313701796e-11
12,DAVIS:rollerblade,nominal,0.0020988446904523415,1.8133232119330557e-10,8.054806527390193e-11
13,DAVIS:rollerblade,nominal,0.0020985132004652705,1.970413794234381e-10,1.252271997483878e-10
14,DAVIS:rollerblade,nominal,0.0020985132004652705,1.970413794234381e-10,1.252271997483878e-10
15,DAVIS:rollerblade,nominal,0.002037877141426727,6.709641564773194e-10,1.8253717855087265e-10
16,DAVIS:rollerblade,nominal,0.0020393280912613327,7.475199071748465e-10,1.8030836401963376e-10
17,DAVIS:rollerblade,nominal,0.0020393280912613327,7.475199071748465e-10,1.8030836401963376e-10
18,DAVIS:rollerblade,nominal,0.0021167305005026084,1.0894156979427341e-10,9.13240852779711e-11
19,DAVIS:rollerblade,nominal,0.0021167305005026084,1.0894156979427341e-10,9.13240852779711e-11
20,DAVIS:rollerblade,nominal,0.0021167305005026084,1.0894156979427341e-10,9.13240852779711e-11
21,DAVIS:rollerblade,nominal,0.0020988446904523415,1.8100996640793205e-10,8.056753510546473e-11
22,DAVIS:rollerblade,nominal,0.0020985132004652705,1.9740800039787853e-10,1.2525181975961294e-10
23,DAVIS:rollerblade,nominal,0.0020985132004652705,1.9740800039787853e-10,1.2525181975961294e-10
24,DAVIS:rollerblade,nominal,0.002037877141426727,6.90642426289762e-10,1.8265387154225264e-10
25,DAVIS:rollerblade,nominal,0.0020393280912613327,7.68881619779017e-10,1.8047288741183613e-10
26,DAVIS:rollerblade,nominal,0.0020393280912613327,7.68881619779017e-10,1.8047288741183613e-10
-1,DAVIS:rollerblade,noisy,0.0021448962726440617,2.471915452221101e-08,0.0
0,DAVIS:rollerblade,noisy,0.002298605367741886,6.50583526096128e-11,2.2243056437129852e-11
1,DAVIS:rollerblade,noisy,0.002298605367741886,6.50583526096128e-11,2.2243056437129852e-11
2,DAVIS:rollerblade,noisy,0.002298605367741886,6.50583526096128e-11,2.2243056437129852e-11
3,DAVIS:rollerblade,noisy,0.0022124756268914916,2.931718420158743e-10,1.0332440292655456e-10
4,DAVIS:rollerblade,noisy,0.0022124756268914916,2.9335361514106366e-10,1.0336280448541636e-10
5,DAVIS:rollerblade,noisy,0.0022124756268914916,2.9335361514106366e-10,1.0336280448541636e-10
6,DAVIS:rollerblade,noisy,0.00222196990352027,4.3720885327848324e-10,9.098493116064716e-11
7,DAVIS:rollerblade,noisy,0.0022108903427594424,6.870857936621928e-10,1.3650908313002216e-10
8,DAVIS:rollerblade,noisy,0.0022108903427594424,6.870857936621928e-10,1.3650908313002216e-10
9,DAVIS:rollerblade,noisy,0.002298605367741886,6.506534307585573e-11,2.224300313641259e-11
10,DAVIS:rollerblade,noisy,0.002298605367741886,6.506534307585573e-11,2.224300313641259e-11
11,DAVIS:rollerblade,noisy,0.002298605367741886,6.506534307585573e-11,2.224300313641259e-11
12,DAVIS:rollerblade,noisy,0.0022124756268914916,2.935491302686443e-10,1.0331983329294754e-10
13,DAVIS:rollerblade,noisy,0.0022124756268914916,2.9373106503878957e-10,1.0335824781308838e-10
14,DAVIS:rollerblade,noisy,0.0022124756268914916,2.9373106503878957e-10,1.0335824781308838e-10
15,DAVIS:rollerblade,noisy,0.00222196990352027,4.377126892623963e-10,9.09846408147369e-11
16,DAVIS:rollerblade,noisy,0.0022108903427594424,6.876734873612849e-10,1.364969666875866e-10
17,DAVIS:rollerblade,noisy,0.0022108903427594424,6.876734873612849e-10,1.364969666875866e-10
18,DAVIS:rollerblade,noisy,0.002298605367741886,6.508454517050151e-11,2.2242864024254484e-11
19,DAVIS:rollerblade,noisy,0.002298605367741886,6.508454517050151e-11,2.2242864024254484e-11
20,DAVIS:rollerblade,noisy,0.002298605367741886,6.508454517050151e-11,2.2242864024254484e-11
21,DAVIS:rollerblade,noisy,0.0022124756268914916,2.9449811414421574e-10,1.0330873681348059e-10
22,DAVIS:rollerblade,noisy,0.0022124756268914916,2.9468040724801547e-10,1.0334717982771606e-10
23,DAVIS:rollerblade,noisy,0.0022124756268914916,2.9468040724801547e-10,1.0334717982771606e-10
24,DAVIS:rollerblade,noisy,0.0022251067162126323,4.31205978685956e-10,8.893664242158764e-11
25,DAVIS:rollerblade,noisy,0.0022108903427594424,6.897558573430519e-10,1.3646423531488296e-10
26,DAVIS:rollerblade,noisy,0.0022108903427594424,6.897558573430519e-10,1.3646423531488296e-10
-1,DAVIS:soccerball,nominal,0.003836143451093075,8.408940369738304e-07,0.0
0,DAVIS:soccerball,nominal,0.004213731218887551,3.6084830011143033e-09,1.0592413893730516e-10
1,DAVIS:soccerball,nominal,0.004213731218887551,3.6084830011143033e-09,1.0592413893730516e-10
2,DAVIS:soccerball,nominal,0.004213731218887551,3.6084830011143033e-09,1.0592413893730516e-10
3,DAVIS:soccerball,nominal,0.004207134444772498,5.354173000459664e-09,1.7442509467330988e-10
4,DAVIS:soccerball,nominal,0.004207134444772498,5.354173000459664e-09,1.7442509467330988e-10
5,DAVIS:soccerball,nominal,0.004207134444772498,5.354173000459664e-09,1.7442509467330988e-10
6,DAVIS:soccerball,nominal,0.004003521037783527,1.5774256348307388e-08,3.333648338453e-10
7,DAVIS:soccerball,nominal,0.004029716511375552,1.6851108546589806e-08,3.64639358319133e-10
8,DAVIS:soccerball,nominal,0.004029716511375552,1.6851108546589806e-08,3.64639358319133e-10
9,DAVIS:soccerball,nominal,0.004213731218887551,3.339127578127751e-09,1.0550450842149618e-10
10,DAVIS:soccerball,nominal,0.004213731218887551,3.339127578127751e-09,1.0550450842149618e-10
11,DAVIS:soccerball,nominal,0.004213731218887551,3.339127578127751e-09,1.0550450842149618e-10
12,DAVIS:soccerball,nominal,0.004213574390403019,4.746104826993201e-09,1.7253028371849175e-10
13,DAVIS:soccerball,nominal,0.004213574390403019,4.746104826993201e-09,1.7253028371849175e-10
14,DAVIS:soccerball,nominal,0.004213574390403019,4.746104826993201e-09,1.7253028371849175e-10
15,DAVIS:soccerball,nominal,0.004003521037783527,1.4777329999852987e-08,3.323772748231828e-10
16,DAVIS:soccerball,nominal,0.004029716511375552,1.6324056669285213e-08,3.6372949314416557e-10
17,DAVIS:soccerball,nominal,0.004029716511375552,1.6324056669285213e-08,3.6372949314416557e-10
18,DAVIS:soccerball,nominal,0.004213783727931478,2.8640180907207222e-09,1.0470610292068915e-10
19,DAVIS:soccerball,nominal,0.004213783727931478,2.8640180907207222e-09,1.0470610292068915e-10
20,DAVIS:soccerball,nominal,0.004213783727931478,2.8640180907207222e-09,1.0470610292068915e-10
21,DAVIS:soccerball,nominal,0.004213574390403019,3.750156954582217e-09,1.7045762476681315e-10
22,DAVIS:soccerball,nominal,0.004213574390403019,3.750156954582217e-09,1.7045762476681315e-10
23,DAVIS:soccerball,nominal,0.004213574390403019,3.750156954582217e-09,1.7045762476681315e-10
24,DAVIS:soccerball,nominal,0.004044718723600468,1.217300294694697e-08,2.8092753600350125e-10
25,DAVIS:soccerball,nominal,0.004044718723600468,1.227349023040421e-08,2.814930631293331e-10
26,DAVIS:soccerball,nominal,0.004044718723600468,1.227349023040421e-08,2.814930631293331e-10
-1,DAVIS:soccerball,noisy,0.004047707334714015,7.434324944204993e-07,0.0
0,DAVIS:soccerball,noisy,0.0045716536474416395,3.255697116385752e-09,5.502016012196434e-11
1,DAVIS:soccerball,noisy,0.0045716536474416395,3.255697116385752e-09,5.502016012196434e-11
2,DAVIS:soccerball,noisy,0.0045716536474416395,3.255697116385752e-09,5.502016012196434e-11
3,DAVIS:soccerball,noisy,0.00421364619139046,7.579128320105565e-09,2.1636754690026346e-10
4,DAVIS:soccerball,noisy,0.00421364619139046,7.579128320105565e-09,2.1636754690026346e-10
5,DAVIS:soccerball,noisy,0.00421364619139046,7.579128320105565e-09,2.1636754690026346e-10
6,DAVIS:soccerball,noisy,0.004216523844248559,1.4109210585671366e-08,2.968678536229745e-10
7,DAVIS:soccerball,noisy,0.004237180096744313,1.6362392408314933e-08,2.590594794827522e-10
8,DAVIS:soccerball,noisy,0.004237180096744313,1.6362392408314933e-08,2.590594794827522e-10
9,DAVIS:soccerball,noisy,0.0045716536474416395,2.6967889448860583e-09,5.4797799652281515e-11
10,DAVIS:soccerball,noisy,0.0045716536474416395,2.6967889448860583e-09,5.4797799652281515e-11
11,DAVIS:soccerball,noisy,0.0045716536474416395,2.6967889448860583e-09,5.4797799652281515e-11
12,DAVIS:soccerball,noisy,0.00421364619139046,6.881687369547051e-09,2.1528037930890654e-10
13,DAVIS:soccerball,noisy,0.00421364619139046,6.881687369547051e-09,2.1528037930890654e-10
14,DAVIS:soccerball,noisy,0.00421364619139046,6.881687369547051e-09,2.1528037930890654e-10
15,DAVIS:soccerball,noisy,0.004216523844248559,1.2974293270228193e-08,2.9591478545417316e-10
16,DAVIS:soccerball,noisy,0.004237180096744313,1.5024781186253443e-08,2.5842581219702733e-10
17,DAVIS:soccerball,noisy,0.004237180096744313,1.5024781186253443e-08,2.5842581219702733e-10
18,DAVIS:soccerball,noisy,0.004564096261349574,2.1558534336984874e-09,5.5754862948270293e-11
19,DAVIS:soccerball,noisy,0.004564096261349574,2.1558534336984874e-09,5.5754862948270293e-11
20,DAVIS:soccerball,noisy,0.004564096261349574,2.1558534336984874e-09,5.5754862948270293e-11
21,DAVIS:soccerball,noisy,0.00421364619139046,5.684690446521192e-09,2.1294542903135683e-10
22,DAVIS:soccerball,noisy,0.00421364619139046,5.684690446521192e-09,2.1294542903135683e-10
23,DAVIS:soccerball,noisy,0.00421364619139046,5.684690446521192e-09,2.1294542903135683e-10
24,DAVIS:soccerball,noisy,0.00421907525089274,1.0840636539849917e-08,2.934531978012856e-10
25,DAVIS:soccerball,noisy,0.004237180096744313,1.2494499615611843e-08,2.569397930931778e-10
26,DAVIS:soccerball,noisy,0.004237180096744313,1.2494499615611843e-08,2.569397930931778e-10
-1,DAVIS:tennis,nominal,0.0010634975230877656,4.717640452428252e-09,0.0
0,DAVIS:tennis,nominal,0.0011099218283244575,1.3113405776678738e-11,5.90545094740858e-12
1,DAVIS:tennis,nominal,0.0011099218283244575,1.3114027931907574e-11,5.905451158774537e-12
2,DAVIS:tennis,nominal,0.0011099218283244575,1.3114027931907574e-11,5.905451158774537e-12
3,DAVIS:tennis,nominal,0.0010983632521257614,4.253689483029516e-11,7.606502892229852e-12
4,DAVIS:tennis,nominal,0.0010940993242099313,3.5610065088917986e-11,8.721486249642472e-12
5,DAVIS:tennis,nominal,0.0010940993242099313,3.5610065088917986e-11,8.721486249642472e-12
6,DAVIS:tennis,nominal,0.0010698039480346484,1.2628122961941836e-10,6.165610986615724e-11
7,DAVIS:tennis,nominal,0.0010729784399411504,1.3932746810631464e-10,6.078175891832281e-11
8,DAVIS:tennis,nominal,0.0010813591685633218,1.3348144845109821e-10,6.121386813549114e-11
9,DAVIS:tennis,nominal,0.0011099218283244575,1.3116116092149587e-11,5.9056712101785965e-12
10,DAVIS:tennis,nominal,0.0011099218283244575,1.3116738154492082e-11,5.905671390835131e-12
11,DAVIS:tennis,nominal,0.0011099218283244575,1.3116738154492082e-11,5.905671390835131e-12
12,DAVIS:tennis,nominal,0.0010983632521257614,4.22415914509903e-11,7.609965476095294e-12
13,DAVIS:tennis,nominal,0.001094116687365188,3.53865881068388e-11,8.722016539142648e-12
14,DAVIS:tennis,nominal,0.001094116687365188,3.53865881068388e-11,8.722016539142648e-12
15,DAVIS:tennis,nominal,0.0010698039480346484,1.2619945538883867e-10,6.165677567085702e-11
16,DAVIS:tennis,nominal,0.0010729784399411504,1.392156254083969e-10,6.078466826987212e-11
17,DAVIS:tennis,nominal,0.0010814079846258873,1.336091353227698e-10,6.121259047184062e-11
18,DAVIS:tennis,nominal,0.0011099218283244575,1.3123976204569283e-11,5.9062144179417715e-12
19,DAVIS:tennis,nominal,0.0011099218283244575,1.3124597769148632e-11,5.906214523100113e-12
20,DAVIS:tennis,nominal,0.0011099218283244575,1.3124597769148632e-11,5.906214523100113e-12
21,DAVIS:tennis,nominal,0.0010983632521257614,4.1680799631608905e-11,7.618579802581472e-12
22,DAVIS:tennis,nominal,0.0010980322265069975,4.0604538423460306e-11,8.224971980100984e-12
23,DAVIS:tennis,nominal,0.0010980322265069975,4.060393443581612e-11,8.224972002884942e-12
24,DAVIS:tennis,nominal,0.0010698039480346484,1.2601178012893733e-10,6.165830828614252e-11
25,DAVIS:tennis,nominal,0.0010729784399411504,1.3896100525717385e-10,6.079171635736198e-11
26,DAVIS:tennis,nominal,0.0010764412138470438,1.556623455393943e-10,5.932063315591785e-11
-1,DAVIS:tennis,noisy,0.0012120043196590577,4.9031763766832825e-09,0.0
0,DAVIS:tennis,noisy,0.0012530114850258808,1.4186170053450187e-11,4.8805762287478916e-12
1,DAVIS:tennis,noisy,0.0012530114850258808,1.4186170053450187e-11,4.8805762287478916e-12
2,DAVIS:tennis,noisy,0.0012530114850258808,1.4186170053450187e-11,4.8805762287478916e-12
3,DAVIS:tennis,noisy,0.0012180514116471909,5.083448787123629e-11,2.1475436749818295e-11
4,DAVIS:tennis,noisy,0.0012180514116471909,5.086602457120288e-11,2.1486874665148878e-11
5,DAVIS:tennis,noisy,0.0012180514116471909,5.086602457120288e-11,2.1486874665148878e-11
6,DAVIS:tennis,noisy,0.001217245634536772,1.0160714268227475e-10,3.855331139488955e-11
7,DAVIS:tennis,noisy,0.0012084036992070137,1.0695975794685107e-10,3.5388311510243576e-11
8,DAVIS:tennis,noisy,0.001208551211276774,1.0675168613487575e-10,3.530851007831763e-11
9,DAVIS:tennis,noisy,0.0012530114850258808,1.4177296353823556e-11,4.8807470935716565e-12
10,DAVIS:tennis,noisy,0.0012530114850258808,1.4177296353823556e-11,4.8807470935716565e-12
11,DAVIS:tennis,noisy,0.0012530114850258808,1.4177296353823556e-11,4.8807470935716565e-12
12,DAVIS:tennis,noisy,0.0012180514116471909,5.064309051376787e-11,2.147772444736073e-11
13,DAVIS:tennis,noisy,0.0012180514116471909,5.067464956676824e-11,2.1489286762447335e-11
14,DAVIS:tennis,noisy,0.0012180514116471909,5.067464956676824e-11,2.1489286762447335e-11
15,DAVIS:tennis,noisy,0.001217245634536772,1.0105762501524166e-10,3.855416794699684e-11
16,DAVIS:tennis,noisy,0.0012073853729828155,1.0738516290002518e-10,3.7037908438671834e-11
17,DAVIS:tennis,noisy,0.0012073169544087221,1.0750984620669134e-10,3.67587327861675e-11
18,DAVIS:tennis,noisy,0.0012530114850258808,1.4155677490165243e-11,4.881171602636404e-12
19,DAVIS:tennis,noisy,0.0012530114850258808,1.4155677490165243e-11,4.881171602636404e-12
20,DAVIS:tennis,noisy,0.0012530114850258808,1.4155677490165243e-11,4.881171602636404e-12
21,DAVIS:tennis,noisy,0.0012180514116471909,5.023870491198632e-11,2.148308977002442e-11
22,DAVIS:tennis,noisy,0.0012180514116471909,5.027031506606747e-11,2.149493265915498e-11
23,DAVIS:tennis,noisy,0.0012180514116471909,5.027031506606747e-11,2.149493265915498e-11
24,DAVIS:tennis,noisy,0.0012171040162637242,9.442914103477482e-11,3.80810298256387e-11
25,DAVIS:tennis,noisy,0.001207010997755793,1.0697598095052586e-10,3.450244954468694e-11
26,DAVIS:tennis,noisy,0.001207010997755793,1.0697598095052586e-10,3.450244954468694e-11
