dataset,regime,height,width,factor,fovea,preview_kernel,study,backbone,target,baseline,metric,source_clusters,clips,reduction_pct,ci_low,ci_high,target_mean,baseline_mean,paired_p,positive_reduction_favors_target,effect_type,holm_p,target_display,baseline_display,evidence_scope,amendment
DAVIS,clean,256,448,4,64,bicubic,neural_native,BasicVSRpp2022_causal,BasicVSRpp2022_causal_memory_R9,BasicVSRpp2022_causal_memory,mse,10,10,1.8051969835528703,-0.28816101640036673,4.5084644149092945,0.0009956790680098744,0.0010139834669693295,0.134765625,True,percent_reduction,0.134765625,BasicVSR++ causal (CVPR 2022) + TwinAudit gaze (ours),BasicVSR++ causal (CVPR 2022) + patch + memory,NATURAL VIDEO WITH SIMULATED SENSING,added after the laptop pilot and before the paper run
DAVIS,clean,256,448,4,64,bicubic,neural_native,BasicVSRpp2022_causal,BasicVSRpp2022_causal_memory_R9,BasicVSRpp2022_causal_memory,augmented_pqv,10,10,16.430402783332486,-23.78862417514406,48.26685568549979,5.674632243114355e-09,6.790307040013565e-09,0.349609375,True,percent_reduction,1.0,BasicVSR++ causal (CVPR 2022) + TwinAudit gaze (ours),BasicVSR++ causal (CVPR 2022) + patch + memory,NATURAL VIDEO WITH SIMULATED SENSING,added after the laptop pilot and before the paper run
DAVIS,clean,256,448,4,64,bicubic,neural_native,BasicVSRpp2022_causal,BasicVSRpp2022_causal_memory_R9,BasicVSRpp2022_causal_memory,write_pqv,10,10,-166.99768864435902,-357.01179574143424,-36.52085111884237,3.644170481990287e-10,1.3648696737762113e-10,0.021484375,True,percent_reduction,0.0234375,BasicVSR++ causal (CVPR 2022) + TwinAudit gaze (ours),BasicVSR++ causal (CVPR 2022) + patch + memory,NATURAL VIDEO WITH SIMULATED SENSING,added after the laptop pilot and before the paper run
DAVIS,clean,256,448,4,64,bicubic,neural_native,BasicVSRpp2022_causal,BasicVSRpp2022_causal_memory_R9,BasicVSRpp2022_causal_memory,psnr_db,10,10,0.15056462782675517,0.06554681875914056,0.23525353326402135,31.161772022453885,31.01120739462713,0.01171875,True,difference_dB,0.01953125,BasicVSR++ causal (CVPR 2022) + TwinAudit gaze (ours),BasicVSR++ causal (CVPR 2022) + patch + memory,NATURAL VIDEO WITH SIMULATED SENSING,added after the laptop pilot and before the paper run
DAVIS,clean,256,448,4,64,bicubic,neural_native,BasicVSRpp2022_causal,BasicVSRpp2022_causal_memory_R9,BasicVSRpp2022_causal_patch,mse,10,10,9.102106308752,3.7257645673679574,11.69705447189048,0.0009956790680098744,0.0010953818923372283,0.001953125,True,percent_reduction,0.015625,BasicVSR++ causal (CVPR 2022) + TwinAudit gaze (ours),BasicVSR++ causal (CVPR 2022) + patch,NATURAL VIDEO WITH SIMULATED SENSING,added after the laptop pilot and before the paper run
DAVIS,clean,256,448,4,64,bicubic,neural_native,BasicVSRpp2022_causal,BasicVSRpp2022_causal_memory_R9,BasicVSRpp2022_causal_patch,augmented_pqv,10,10,4.813409259373824,-44.805329146286624,40.35553965097168,5.674632243114355e-09,5.961587865434905e-09,0.841796875,True,percent_reduction,1.0,BasicVSR++ causal (CVPR 2022) + TwinAudit gaze (ours),BasicVSR++ causal (CVPR 2022) + patch,NATURAL VIDEO WITH SIMULATED SENSING,added after the laptop pilot and before the paper run
DAVIS,clean,256,448,4,64,bicubic,neural_native,BasicVSRpp2022_causal,BasicVSRpp2022_causal_memory_R9,BasicVSRpp2022_causal_patch,psnr_db,10,10,0.2951998347266695,0.17470840465067272,0.4225993569800472,31.161772022453885,30.86657218772722,0.001953125,True,difference_dB,0.015625,BasicVSR++ causal (CVPR 2022) + TwinAudit gaze (ours),BasicVSR++ causal (CVPR 2022) + patch,NATURAL VIDEO WITH SIMULATED SENSING,added after the laptop pilot and before the paper run
DAVIS,clean,256,448,4,64,bicubic,neural_native,NanoSR2025,NanoSR2025_memory_R9,NanoSR2025_memory,mse,10,10,2.171523280050791,0.5042472008922272,4.202004376660828,0.0012836953342520974,0.0013121898421529095,0.03515625,True,percent_reduction,0.0703125,NanoSR (NTIRE 2025) + TwinAudit gaze (ours),NanoSR (NTIRE 2025) + patch + memory,NATURAL VIDEO WITH SIMULATED SENSING,added after the laptop pilot and before the paper run
DAVIS,clean,256,448,4,64,bicubic,neural_native,NanoSR2025,NanoSR2025_memory_R9,NanoSR2025_memory,augmented_pqv,10,10,-11.192672353649069,-68.29604122933188,33.84308601536724,4.669898369684824e-09,4.199825645733362e-09,0.529296875,True,percent_reduction,1.0,NanoSR (NTIRE 2025) + TwinAudit gaze (ours),NanoSR (NTIRE 2025) + patch + memory,NATURAL VIDEO WITH SIMULATED SENSING,added after the laptop pilot and before the paper run
DAVIS,clean,256,448,4,64,bicubic,neural_native,NanoSR2025,NanoSR2025_memory_R9,NanoSR2025_memory,write_pqv,10,10,-162.5224878683552,-328.8586204531311,-61.27293274140838,5.428887492925375e-10,2.067970457314785e-10,0.00390625,True,percent_reduction,0.015625,NanoSR (NTIRE 2025) + TwinAudit gaze (ours),NanoSR (NTIRE 2025) + patch + memory,NATURAL VIDEO WITH SIMULATED SENSING,added after the laptop pilot and before the paper run
DAVIS,clean,256,448,4,64,bicubic,neural_native,NanoSR2025,NanoSR2025_memory_R9,NanoSR2025_memory,psnr_db,10,10,0.13616882024581328,0.06337364032576535,0.21048899623031342,29.723432356592827,29.587263536347017,0.009765625,True,difference_dB,0.01953125,NanoSR (NTIRE 2025) + TwinAudit gaze (ours),NanoSR (NTIRE 2025) + patch + memory,NATURAL VIDEO WITH SIMULATED SENSING,added after the laptop pilot and before the paper run
DAVIS,clean,256,448,4,64,bicubic,neural_native,NanoSR2025,NanoSR2025_memory_R9,NanoSR2025_patch,mse,10,10,9.320139190417398,4.677430298951233,12.057383361847615,0.0012836953342520974,0.0014156344339210133,0.001953125,True,percent_reduction,0.015625,NanoSR (NTIRE 2025) + TwinAudit gaze (ours),NanoSR (NTIRE 2025) + patch,NATURAL VIDEO WITH SIMULATED SENSING,added after the laptop pilot and before the paper run
DAVIS,clean,256,448,4,64,bicubic,neural_native,NanoSR2025,NanoSR2025_memory_R9,NanoSR2025_patch,augmented_pqv,10,10,-33.270423820675376,-108.7150765031103,15.957729427582594,4.669898369684824e-09,3.5040770756221925e-09,0.404296875,True,percent_reduction,1.0,NanoSR (NTIRE 2025) + TwinAudit gaze (ours),NanoSR (NTIRE 2025) + patch,NATURAL VIDEO WITH SIMULATED SENSING,added after the laptop pilot and before the paper run
DAVIS,clean,256,448,4,64,bicubic,neural_native,NanoSR2025,NanoSR2025_memory_R9,NanoSR2025_patch,psnr_db,10,10,0.3276842712981637,0.21509943164791198,0.445730720306317,29.723432356592827,29.395748085294663,0.001953125,True,difference_dB,0.015625,NanoSR (NTIRE 2025) + TwinAudit gaze (ours),NanoSR (NTIRE 2025) + patch,NATURAL VIDEO WITH SIMULATED SENSING,added after the laptop pilot and before the paper run
DAVIS,clean,256,448,4,64,bicubic,neural_native,SCMSR2025,SCMSR2025_memory_R9,SCMSR2025_memory,mse,10,10,2.2075239368759547,0.9030315121404509,4.493771650972054,0.0012979897659149042,0.0013272900106109033,0.0078125,True,percent_reduction,0.0234375,SCMSR (NTIRE 2025) + TwinAudit gaze (ours),SCMSR (NTIRE 2025) + patch + memory,NATURAL VIDEO WITH SIMULATED SENSING,added after the laptop pilot and before the paper run
DAVIS,clean,256,448,4,64,bicubic,neural_native,SCMSR2025,SCMSR2025_memory_R9,SCMSR2025_memory,augmented_pqv,10,10,-11.159757983161533,-59.30887901808726,29.945705795454725,4.426000483696907e-09,3.981657178821275e-09,0.50390625,True,percent_reduction,1.0,SCMSR (NTIRE 2025) + TwinAudit gaze (ours),SCMSR (NTIRE 2025) + patch + memory,NATURAL VIDEO WITH SIMULATED SENSING,added after the laptop pilot and before the paper run
DAVIS,clean,256,448,4,64,bicubic,neural_native,SCMSR2025,SCMSR2025_memory_R9,SCMSR2025_memory,write_pqv,10,10,-143.2663296237524,-272.4708084097555,-46.971317093641424,4.92573392859755e-10,2.0248317702724953e-10,0.009765625,True,percent_reduction,0.0234375,SCMSR (NTIRE 2025) + TwinAudit gaze (ours),SCMSR (NTIRE 2025) + patch + memory,NATURAL VIDEO WITH SIMULATED SENSING,added after the laptop pilot and before the paper run
DAVIS,clean,256,448,4,64,bicubic,neural_native,SCMSR2025,SCMSR2025_memory_R9,SCMSR2025_memory,psnr_db,10,10,0.14782705060042609,0.07347161303618086,0.23063364614214113,29.68848662948765,29.540659578887222,0.00390625,True,difference_dB,0.015625,SCMSR (NTIRE 2025) + TwinAudit gaze (ours),SCMSR (NTIRE 2025) + patch + memory,NATURAL VIDEO WITH SIMULATED SENSING,added after the laptop pilot and before the paper run
DAVIS,clean,256,448,4,64,bicubic,neural_native,SCMSR2025,SCMSR2025_memory_R9,SCMSR2025_patch,mse,10,10,9.442547950897517,5.12764915255882,11.953875518748086,0.0012979897659149042,0.001433332913575243,0.001953125,True,percent_reduction,0.015625,SCMSR (NTIRE 2025) + TwinAudit gaze (ours),SCMSR (NTIRE 2025) + patch,NATURAL VIDEO WITH SIMULATED SENSING,added after the laptop pilot and before the paper run
DAVIS,clean,256,448,4,64,bicubic,neural_native,SCMSR2025,SCMSR2025_memory_R9,SCMSR2025_patch,augmented_pqv,10,10,-38.24989201029805,-108.27001986431253,6.159118147753367,4.426000483696907e-09,3.2014495051954327e-09,0.19140625,True,percent_reduction,1.0,SCMSR (NTIRE 2025) + TwinAudit gaze (ours),SCMSR (NTIRE 2025) + patch,NATURAL VIDEO WITH SIMULATED SENSING,added after the laptop pilot and before the paper run
DAVIS,clean,256,448,4,64,bicubic,neural_native,SCMSR2025,SCMSR2025_memory_R9,SCMSR2025_patch,psnr_db,10,10,0.34392535879672226,0.23368685595908792,0.462198602046085,29.68848662948765,29.344561270690928,0.001953125,True,difference_dB,0.015625,SCMSR (NTIRE 2025) + TwinAudit gaze (ours),SCMSR (NTIRE 2025) + patch,NATURAL VIDEO WITH SIMULATED SENSING,added after the laptop pilot and before the paper run
DAVIS,clean,256,448,4,64,bicubic,neural_native,SPANF2025,SPANF2025_memory_R9,SPANF2025_memory,mse,10,10,2.499962957345625,1.2003201635653897,4.810036213905412,0.0013379735327387848,0.0013722800250357313,0.001953125,True,percent_reduction,0.015625,SPAN-F (NTIRE 2025) + TwinAudit gaze (ours),SPAN-F (NTIRE 2025) + patch + memory,NATURAL VIDEO WITH SIMULATED SENSING,added after the laptop pilot and before the paper run
DAVIS,clean,256,448,4,64,bicubic,neural_native,SPANF2025,SPANF2025_memory_R9,SPANF2025_memory,augmented_pqv,10,10,-15.603815210716277,-57.929521545815675,25.751481267447527,4.335422496943337e-09,3.750241710484181e-09,0.50390625,True,percent_reduction,1.0,SPAN-F (NTIRE 2025) + TwinAudit gaze (ours),SPAN-F (NTIRE 2025) + patch + memory,NATURAL VIDEO WITH SIMULATED SENSING,added after the laptop pilot and before the paper run
DAVIS,clean,256,448,4,64,bicubic,neural_native,SPANF2025,SPANF2025_memory_R9,SPANF2025_memory,write_pqv,10,10,-130.4531390887037,-254.2868167681922,-46.31948787468715,5.171575607439704e-10,2.2440898951908454e-10,0.0078125,True,percent_reduction,0.0234375,SPAN-F (NTIRE 2025) + TwinAudit gaze (ours),SPAN-F (NTIRE 2025) + patch + memory,NATURAL VIDEO WITH SIMULATED SENSING,added after the laptop pilot and before the paper run
DAVIS,clean,256,448,4,64,bicubic,neural_native,SPANF2025,SPANF2025_memory_R9,SPANF2025_memory,psnr_db,10,10,0.15333828960646761,0.08297468274645382,0.23550161021841062,29.554999638928496,29.40166134932203,0.001953125,True,difference_dB,0.015625,SPAN-F (NTIRE 2025) + TwinAudit gaze (ours),SPAN-F (NTIRE 2025) + patch + memory,NATURAL VIDEO WITH SIMULATED SENSING,added after the laptop pilot and before the paper run
DAVIS,clean,256,448,4,64,bicubic,neural_native,SPANF2025,SPANF2025_memory_R9,SPANF2025_patch,mse,10,10,9.700624416954163,5.444958727286525,12.254559838713428,0.0013379735327387848,0.0014817085102745674,0.001953125,True,percent_reduction,0.015625,SPAN-F (NTIRE 2025) + TwinAudit gaze (ours),SPAN-F (NTIRE 2025) + patch,NATURAL VIDEO WITH SIMULATED SENSING,added after the laptop pilot and before the paper run
DAVIS,clean,256,448,4,64,bicubic,neural_native,SPANF2025,SPANF2025_memory_R9,SPANF2025_patch,augmented_pqv,10,10,-44.177287665574624,-102.57003477670393,4.109986206799432,4.335422496943337e-09,3.007007946355278e-09,0.1484375,True,percent_reduction,1.0,SPAN-F (NTIRE 2025) + TwinAudit gaze (ours),SPAN-F (NTIRE 2025) + patch,NATURAL VIDEO WITH SIMULATED SENSING,added after the laptop pilot and before the paper run
DAVIS,clean,256,448,4,64,bicubic,neural_native,SPANF2025,SPANF2025_memory_R9,SPANF2025_patch,psnr_db,10,10,0.3506770724537954,0.2400110258068132,0.4640902605015021,29.554999638928496,29.20432256647471,0.001953125,True,difference_dB,0.015625,SPAN-F (NTIRE 2025) + TwinAudit gaze (ours),SPAN-F (NTIRE 2025) + patch,NATURAL VIDEO WITH SIMULATED SENSING,added after the laptop pilot and before the paper run
DAVIS,nominal,256,448,4,64,area,neural_sensor,BasicVSRpp2022_causal,BasicVSRpp2022_causal_memory_R9,BasicVSRpp2022_causal_memory,mse,10,10,6.132519630564504,1.5120984078965107,10.673787477225686,0.002440207910646012,0.00259963077845709,0.041015625,True,percent_reduction,0.1171875,BasicVSR++ causal (CVPR 2022) + TwinAudit gaze (ours),BasicVSR++ causal (CVPR 2022) + patch + memory,NATURAL VIDEO WITH SIMULATED SENSING,added after the laptop pilot and before the paper run
DAVIS,nominal,256,448,4,64,area,neural_sensor,BasicVSRpp2022_causal,BasicVSRpp2022_causal_memory_R9,BasicVSRpp2022_causal_memory,augmented_pqv,10,10,34.03165036026662,-42.771216029671784,52.69943879895666,6.306975940843738e-08,9.56060895154634e-08,0.384765625,True,percent_reduction,0.73828125,BasicVSR++ causal (CVPR 2022) + TwinAudit gaze (ours),BasicVSR++ causal (CVPR 2022) + patch + memory,NATURAL VIDEO WITH SIMULATED SENSING,added after the laptop pilot and before the paper run
DAVIS,nominal,256,448,4,64,area,neural_sensor,BasicVSRpp2022_causal,BasicVSRpp2022_causal_memory_R9,BasicVSRpp2022_causal_memory,write_pqv,10,10,-148.66799147768361,-192.8603414919562,-107.11661199355697,1.712412513909306e-09,6.886340713710169e-10,0.001953125,True,percent_reduction,0.0078125,BasicVSR++ causal (CVPR 2022) + TwinAudit gaze (ours),BasicVSR++ causal (CVPR 2022) + patch + memory,NATURAL VIDEO WITH SIMULATED SENSING,added after the laptop pilot and before the paper run
DAVIS,nominal,256,448,4,64,area,neural_sensor,BasicVSRpp2022_causal,BasicVSRpp2022_causal_memory_R9,BasicVSRpp2022_causal_memory,psnr_db,10,10,0.3119761028605275,0.13769422617448784,0.4729430052012127,26.81365504177981,26.501678938919287,0.017578125,True,difference_dB,0.05859375,BasicVSR++ causal (CVPR 2022) + TwinAudit gaze (ours),BasicVSR++ causal (CVPR 2022) + patch + memory,NATURAL VIDEO WITH SIMULATED SENSING,added after the laptop pilot and before the paper run
DAVIS,nominal,256,448,4,64,area,neural_sensor,BasicVSRpp2022_causal,BasicVSRpp2022_causal_memory_R9,BasicVSRpp2022_causal_patch,mse,10,10,11.390929157633678,8.631517548668436,13.74936713039711,0.002440207910646012,0.0027539030569309216,0.001953125,True,percent_reduction,0.015625,BasicVSR++ causal (CVPR 2022) + TwinAudit gaze (ours),BasicVSR++ causal (CVPR 2022) + patch,NATURAL VIDEO WITH SIMULATED SENSING,added after the laptop pilot and before the paper run
DAVIS,nominal,256,448,4,64,area,neural_sensor,BasicVSRpp2022_causal,BasicVSRpp2022_causal_memory_R9,BasicVSRpp2022_causal_patch,augmented_pqv,10,10,38.36624922508891,-45.32941698053215,56.73288981435564,6.306975940843738e-08,1.0232990628587679e-07,0.369140625,True,percent_reduction,0.73828125,BasicVSR++ causal (CVPR 2022) + TwinAudit gaze (ours),BasicVSR++ causal (CVPR 2022) + patch,NATURAL VIDEO WITH SIMULATED SENSING,added after the laptop pilot and before the paper run
DAVIS,nominal,256,448,4,64,area,neural_sensor,BasicVSRpp2022_causal,BasicVSRpp2022_causal_memory_R9,BasicVSRpp2022_causal_patch,psnr_db,10,10,0.4773646369654358,0.32373195692530304,0.6220068422447905,26.81365504177981,26.336290404814378,0.001953125,True,difference_dB,0.015625,BasicVSR++ causal (CVPR 2022) + TwinAudit gaze (ours),BasicVSR++ causal (CVPR 2022) + patch,NATURAL VIDEO WITH SIMULATED SENSING,added after the laptop pilot and before the paper run
DAVIS,nominal,256,448,4,64,area,neural_sensor,NanoSR2025,NanoSR2025_memory_R9,NanoSR2025_memory,mse,10,10,2.3708967361888877,0.37690445532112643,4.7416967271263175,0.0017553636079440309,0.0017979921450274185,0.0390625,True,percent_reduction,0.1171875,NanoSR (NTIRE 2025) + TwinAudit gaze (ours),NanoSR (NTIRE 2025) + patch + memory,NATURAL VIDEO WITH SIMULATED SENSING,added after the laptop pilot and before the paper run
DAVIS,nominal,256,448,4,64,area,neural_sensor,NanoSR2025,NanoSR2025_memory_R9,NanoSR2025_memory,augmented_pqv,10,10,-94.72469809769927,-128.4230491241693,-38.33544587971307,1.1448823516544868e-08,5.879492241297838e-09,0.001953125,True,percent_reduction,0.015625,NanoSR (NTIRE 2025) + TwinAudit gaze (ours),NanoSR (NTIRE 2025) + patch + memory,NATURAL VIDEO WITH SIMULATED SENSING,added after the laptop pilot and before the paper run
DAVIS,nominal,256,448,4,64,area,neural_sensor,NanoSR2025,NanoSR2025_memory_R9,NanoSR2025_memory,write_pqv,10,10,-100.66364623051429,-119.9757641322449,-71.62250302966275,1.5408818987209004e-09,7.678929032071896e-10,0.001953125,True,percent_reduction,0.0078125,NanoSR (NTIRE 2025) + TwinAudit gaze (ours),NanoSR (NTIRE 2025) + patch + memory,NATURAL VIDEO WITH SIMULATED SENSING,added after the laptop pilot and before the paper run
DAVIS,nominal,256,448,4,64,area,neural_sensor,NanoSR2025,NanoSR2025_memory_R9,NanoSR2025_memory,psnr_db,10,10,0.1414090167344721,0.058398824545367344,0.22377017003052538,28.29702174567354,28.155612728939065,0.01171875,True,difference_dB,0.05859375,NanoSR (NTIRE 2025) + TwinAudit gaze (ours),NanoSR (NTIRE 2025) + patch + memory,NATURAL VIDEO WITH SIMULATED SENSING,added after the laptop pilot and before the paper run
DAVIS,nominal,256,448,4,64,area,neural_sensor,NanoSR2025,NanoSR2025_memory_R9,NanoSR2025_patch,mse,10,10,7.958600068781118,2.218998505947389,11.612110148176686,0.0017553636079440309,0.0019071457075357252,0.01171875,True,percent_reduction,0.0703125,NanoSR (NTIRE 2025) + TwinAudit gaze (ours),NanoSR (NTIRE 2025) + patch,NATURAL VIDEO WITH SIMULATED SENSING,added after the laptop pilot and before the paper run
DAVIS,nominal,256,448,4,64,area,neural_sensor,NanoSR2025,NanoSR2025_memory_R9,NanoSR2025_patch,augmented_pqv,10,10,-126.28332313540436,-169.5029894952565,-67.60801773202198,1.1448823516544868e-08,5.0595083004389474e-09,0.001953125,True,percent_reduction,0.015625,NanoSR (NTIRE 2025) + TwinAudit gaze (ours),NanoSR (NTIRE 2025) + patch,NATURAL VIDEO WITH SIMULATED SENSING,added after the laptop pilot and before the paper run
DAVIS,nominal,256,448,4,64,area,neural_sensor,NanoSR2025,NanoSR2025_memory_R9,NanoSR2025_patch,psnr_db,10,10,0.23383732737489887,0.09522434325100952,0.39010503387229567,28.29702174567354,28.063184418298636,0.01171875,True,difference_dB,0.05859375,NanoSR (NTIRE 2025) + TwinAudit gaze (ours),NanoSR (NTIRE 2025) + patch,NATURAL VIDEO WITH SIMULATED SENSING,added after the laptop pilot and before the paper run
DAVIS,nominal,256,448,4,64,area,neural_sensor,SCMSR2025,SCMSR2025_memory_R9,SCMSR2025_memory,mse,10,10,1.996674657843256,0.04248500275581296,4.476070477121335,0.0019240359843382296,0.0019632354082077187,0.078125,True,percent_reduction,0.1171875,SCMSR (NTIRE 2025) + TwinAudit gaze (ours),SCMSR (NTIRE 2025) + patch + memory,NATURAL VIDEO WITH SIMULATED SENSING,added after the laptop pilot and before the paper run
DAVIS,nominal,256,448,4,64,area,neural_sensor,SCMSR2025,SCMSR2025_memory_R9,SCMSR2025_memory,augmented_pqv,10,10,-122.53158900988423,-172.75663268846768,-53.13589859752197,1.8866094911843245e-08,8.477940141345624e-09,0.00390625,True,percent_reduction,0.015625,SCMSR (NTIRE 2025) + TwinAudit gaze (ours),SCMSR (NTIRE 2025) + patch + memory,NATURAL VIDEO WITH SIMULATED SENSING,added after the laptop pilot and before the paper run
DAVIS,nominal,256,448,4,64,area,neural_sensor,SCMSR2025,SCMSR2025_memory_R9,SCMSR2025_memory,write_pqv,10,10,-109.16081636982713,-127.63722377403222,-80.05725665887556,1.7535668572855215e-09,8.383821060369916e-10,0.001953125,True,percent_reduction,0.0078125,SCMSR (NTIRE 2025) + TwinAudit gaze (ours),SCMSR (NTIRE 2025) + patch + memory,NATURAL VIDEO WITH SIMULATED SENSING,added after the laptop pilot and before the paper run
DAVIS,nominal,256,448,4,64,area,neural_sensor,SCMSR2025,SCMSR2025_memory_R9,SCMSR2025_memory,psnr_db,10,10,0.13087415874571243,0.04805042718277227,0.21430531665894484,27.981117509162015,27.850243350416303,0.01953125,True,difference_dB,0.05859375,SCMSR (NTIRE 2025) + TwinAudit gaze (ours),SCMSR (NTIRE 2025) + patch + memory,NATURAL VIDEO WITH SIMULATED SENSING,added after the laptop pilot and before the paper run
DAVIS,nominal,256,448,4,64,area,neural_sensor,SCMSR2025,SCMSR2025_memory_R9,SCMSR2025_patch,mse,10,10,7.844936878241226,2.4012502773082565,11.202920771481784,0.0019240359843382296,0.002087824498363286,0.009765625,True,percent_reduction,0.068359375,SCMSR (NTIRE 2025) + TwinAudit gaze (ours),SCMSR (NTIRE 2025) + patch,NATURAL VIDEO WITH SIMULATED SENSING,added after the laptop pilot and before the paper run
DAVIS,nominal,256,448,4,64,area,neural_sensor,SCMSR2025,SCMSR2025_memory_R9,SCMSR2025_patch,augmented_pqv,10,10,-132.10718941412028,-212.54482523363512,-67.49298826953802,1.8866094911843245e-08,8.128182052208127e-09,0.001953125,True,percent_reduction,0.015625,SCMSR (NTIRE 2025) + TwinAudit gaze (ours),SCMSR (NTIRE 2025) + patch,NATURAL VIDEO WITH SIMULATED SENSING,added after the laptop pilot and before the paper run
DAVIS,nominal,256,448,4,64,area,neural_sensor,SCMSR2025,SCMSR2025_memory_R9,SCMSR2025_patch,psnr_db,10,10,0.2283967030221863,0.09689870210370118,0.3760126554373835,27.981117509162015,27.752720806139827,0.0078125,True,difference_dB,0.0546875,SCMSR (NTIRE 2025) + TwinAudit gaze (ours),SCMSR (NTIRE 2025) + patch,NATURAL VIDEO WITH SIMULATED SENSING,added after the laptop pilot and before the paper run
DAVIS,nominal,256,448,4,64,area,neural_sensor,SPANF2025,SPANF2025_memory_R9,SPANF2025_memory,mse,10,10,2.3317468788990436,0.5465421414155582,4.26080995696756,0.0017310582202936828,0.0017723857701717124,0.025390625,True,percent_reduction,0.1015625,SPAN-F (NTIRE 2025) + TwinAudit gaze (ours),SPAN-F (NTIRE 2025) + patch + memory,NATURAL VIDEO WITH SIMULATED SENSING,added after the laptop pilot and before the paper run
DAVIS,nominal,256,448,4,64,area,neural_sensor,SPANF2025,SPANF2025_memory_R9,SPANF2025_memory,augmented_pqv,10,10,-88.26998520727744,-121.90340932990411,-28.818501087269947,9.981698952281485e-09,5.301800465587783e-09,0.009765625,True,percent_reduction,0.029296875,SPAN-F (NTIRE 2025) + TwinAudit gaze (ours),SPAN-F (NTIRE 2025) + patch + memory,NATURAL VIDEO WITH SIMULATED SENSING,added after the laptop pilot and before the paper run
DAVIS,nominal,256,448,4,64,area,neural_sensor,SPANF2025,SPANF2025_memory_R9,SPANF2025_memory,write_pqv,10,10,-105.23872892663415,-127.28687931919649,-76.5307837906241,1.4945421851309402e-09,7.281969601678775e-10,0.001953125,True,percent_reduction,0.0078125,SPAN-F (NTIRE 2025) + TwinAudit gaze (ours),SPAN-F (NTIRE 2025) + patch + memory,NATURAL VIDEO WITH SIMULATED SENSING,added after the laptop pilot and before the paper run
DAVIS,nominal,256,448,4,64,area,neural_sensor,SPANF2025,SPANF2025_memory_R9,SPANF2025_memory,psnr_db,10,10,0.13397051507699587,0.06556510008135352,0.199183271245576,28.385890800380253,28.25192028530326,0.009765625,True,difference_dB,0.05859375,SPAN-F (NTIRE 2025) + TwinAudit gaze (ours),SPAN-F (NTIRE 2025) + patch + memory,NATURAL VIDEO WITH SIMULATED SENSING,added after the laptop pilot and before the paper run
DAVIS,nominal,256,448,4,64,area,neural_sensor,SPANF2025,SPANF2025_memory_R9,SPANF2025_patch,mse,10,10,8.107778684390233,1.9388396388548523,11.865831296866453,0.0017310582202936828,0.0018837918982807604,0.015625,True,percent_reduction,0.078125,SPAN-F (NTIRE 2025) + TwinAudit gaze (ours),SPAN-F (NTIRE 2025) + patch,NATURAL VIDEO WITH SIMULATED SENSING,added after the laptop pilot and before the paper run
DAVIS,nominal,256,448,4,64,area,neural_sensor,SPANF2025,SPANF2025_memory_R9,SPANF2025_patch,augmented_pqv,10,10,-116.66576935402509,-144.60180016267114,-77.15246316313151,9.981698952281485e-09,4.606957057425948e-09,0.001953125,True,percent_reduction,0.015625,SPAN-F (NTIRE 2025) + TwinAudit gaze (ours),SPAN-F (NTIRE 2025) + patch,NATURAL VIDEO WITH SIMULATED SENSING,added after the laptop pilot and before the paper run
DAVIS,nominal,256,448,4,64,area,neural_sensor,SPANF2025,SPANF2025_memory_R9,SPANF2025_patch,psnr_db,10,10,0.22710473060049807,0.08900512039685823,0.3890488866097391,28.385890800380253,28.158786069779758,0.01171875,True,difference_dB,0.05859375,SPAN-F (NTIRE 2025) + TwinAudit gaze (ours),SPAN-F (NTIRE 2025) + patch,NATURAL VIDEO WITH SIMULATED SENSING,added after the laptop pilot and before the paper run
REDS,clean,256,448,4,64,bicubic,neural_native,BasicVSRpp2022_causal,BasicVSRpp2022_causal_memory_R9,BasicVSRpp2022_causal_memory,mse,30,30,3.008282358762604,2.3638596797593365,3.725908043762057,0.001284943379663067,0.001324797014540915,4.999750012499375e-05,True,percent_reduction,0.00119994000299985,BasicVSR++ causal (CVPR 2022) + TwinAudit gaze (ours),BasicVSR++ causal (CVPR 2022) + patch + memory,NATURAL VIDEO WITH SIMULATED SENSING,added after the laptop pilot and before the paper run
REDS,clean,256,448,4,64,bicubic,neural_native,BasicVSRpp2022_causal,BasicVSRpp2022_causal_memory_R9,BasicVSRpp2022_causal_memory,augmented_pqv,30,30,29.692641348853478,17.94292970232624,42.57034478273013,8.26257405915351e-09,1.1752075767987579e-08,9.99950002499875e-05,True,percent_reduction,0.002199890005499725,BasicVSR++ causal (CVPR 2022) + TwinAudit gaze (ours),BasicVSR++ causal (CVPR 2022) + patch + memory,NATURAL VIDEO WITH SIMULATED SENSING,added after the laptop pilot and before the paper run
REDS,clean,256,448,4,64,bicubic,neural_native,BasicVSRpp2022_causal,BasicVSRpp2022_causal_memory_R9,BasicVSRpp2022_causal_memory,write_pqv,30,30,-66.81351803191271,-100.61509030952332,-35.413299034282836,2.1088021755485597e-10,1.264167437044958e-10,4.999750012499375e-05,True,percent_reduction,0.000599970001499925,BasicVSR++ causal (CVPR 2022) + TwinAudit gaze (ours),BasicVSR++ causal (CVPR 2022) + patch + memory,NATURAL VIDEO WITH SIMULATED SENSING,added after the laptop pilot and before the paper run
REDS,clean,256,448,4,64,bicubic,neural_native,BasicVSRpp2022_causal,BasicVSRpp2022_causal_memory_R9,BasicVSRpp2022_causal_memory,psnr_db,30,30,0.15379361586384058,0.11983882458801441,0.18749589749123233,29.639077023427042,29.4852834075632,4.999750012499375e-05,True,difference_dB,0.00119994000299985,BasicVSR++ causal (CVPR 2022) + TwinAudit gaze (ours),BasicVSR++ causal (CVPR 2022) + patch + memory,NATURAL VIDEO WITH SIMULATED SENSING,added after the laptop pilot and before the paper run
REDS,clean,256,448,4,64,bicubic,neural_native,BasicVSRpp2022_causal,BasicVSRpp2022_causal_memory_R9,BasicVSRpp2022_causal_patch,mse,30,30,5.877892154314623,4.585641360197174,7.1928498463933215,0.001284943379663067,0.0013651876366493525,4.999750012499375e-05,True,percent_reduction,0.00119994000299985,BasicVSR++ causal (CVPR 2022) + TwinAudit gaze (ours),BasicVSR++ causal (CVPR 2022) + patch,NATURAL VIDEO WITH SIMULATED SENSING,added after the laptop pilot and before the paper run
REDS,clean,256,448,4,64,bicubic,neural_native,BasicVSRpp2022_causal,BasicVSRpp2022_causal_memory_R9,BasicVSRpp2022_causal_patch,augmented_pqv,30,30,22.02482703133678,9.285008213169927,36.24317172080158,8.26257405915351e-09,1.0596416454855554e-08,0.004899755012249388,True,percent_reduction,0.08819559022048898,BasicVSR++ causal (CVPR 2022) + TwinAudit gaze (ours),BasicVSR++ causal (CVPR 2022) + patch,NATURAL VIDEO WITH SIMULATED SENSING,added after the laptop pilot and before the paper run
REDS,clean,256,448,4,64,bicubic,neural_native,BasicVSRpp2022_causal,BasicVSRpp2022_causal_memory_R9,BasicVSRpp2022_causal_patch,psnr_db,30,30,0.26274398574507385,0.21889297874518832,0.30751494084011655,29.639077023427042,29.376333037681977,4.999750012499375e-05,True,difference_dB,0.00119994000299985,BasicVSR++ causal (CVPR 2022) + TwinAudit gaze (ours),BasicVSR++ causal (CVPR 2022) + patch,NATURAL VIDEO WITH SIMULATED SENSING,added after the laptop pilot and before the paper run
REDS,clean,256,448,4,64,bicubic,neural_native,NanoSR2025,NanoSR2025_memory_R9,NanoSR2025_memory,mse,30,30,3.2639921702104613,2.5081419264361102,4.10320759468615,0.002025515500228115,0.0020938588904682543,4.999750012499375e-05,True,percent_reduction,0.00119994000299985,NanoSR (NTIRE 2025) + TwinAudit gaze (ours),NanoSR (NTIRE 2025) + patch + memory,NATURAL VIDEO WITH SIMULATED SENSING,added after the laptop pilot and before the paper run
REDS,clean,256,448,4,64,bicubic,neural_native,NanoSR2025,NanoSR2025_memory_R9,NanoSR2025_memory,augmented_pqv,30,30,-15.871275807363494,-29.620355917308363,-0.9900316159541351,4.0377245348563895e-09,3.4846639140912925e-09,0.06034698265086746,True,percent_reduction,0.8448577571121444,NanoSR (NTIRE 2025) + TwinAudit gaze (ours),NanoSR (NTIRE 2025) + patch + memory,NATURAL VIDEO WITH SIMULATED SENSING,added after the laptop pilot and before the paper run
REDS,clean,256,448,4,64,bicubic,neural_native,NanoSR2025,NanoSR2025_memory_R9,NanoSR2025_memory,write_pqv,30,30,-57.00773106651036,-89.36532053222254,-34.23274859094098,3.9457821057955927e-10,2.513113258177148e-10,4.999750012499375e-05,True,percent_reduction,0.000599970001499925,NanoSR (NTIRE 2025) + TwinAudit gaze (ours),NanoSR (NTIRE 2025) + patch + memory,NATURAL VIDEO WITH SIMULATED SENSING,added after the laptop pilot and before the paper run
REDS,clean,256,448,4,64,bicubic,neural_native,NanoSR2025,NanoSR2025_memory_R9,NanoSR2025_memory,psnr_db,30,30,0.16244182224192052,0.11715786238479187,0.20885529913172568,27.64982569066117,27.487383868419254,4.999750012499375e-05,True,difference_dB,0.00119994000299985,NanoSR (NTIRE 2025) + TwinAudit gaze (ours),NanoSR (NTIRE 2025) + patch + memory,NATURAL VIDEO WITH SIMULATED SENSING,added after the laptop pilot and before the paper run
REDS,clean,256,448,4,64,bicubic,neural_native,NanoSR2025,NanoSR2025_memory_R9,NanoSR2025_patch,mse,30,30,7.715237403331942,6.206176198772251,9.195138237130651,0.002025515500228115,0.002194853671651799,4.999750012499375e-05,True,percent_reduction,0.00119994000299985,NanoSR (NTIRE 2025) + TwinAudit gaze (ours),NanoSR (NTIRE 2025) + patch,NATURAL VIDEO WITH SIMULATED SENSING,added after the laptop pilot and before the paper run
REDS,clean,256,448,4,64,bicubic,neural_native,NanoSR2025,NanoSR2025_memory_R9,NanoSR2025_patch,augmented_pqv,30,30,-58.31851975385207,-99.91296732166174,-25.86429834028473,4.0377245348563895e-09,2.5503804236763317e-09,9.99950002499875e-05,True,percent_reduction,0.002199890005499725,NanoSR (NTIRE 2025) + TwinAudit gaze (ours),NanoSR (NTIRE 2025) + patch,NATURAL VIDEO WITH SIMULATED SENSING,added after the laptop pilot and before the paper run
REDS,clean,256,448,4,64,bicubic,neural_native,NanoSR2025,NanoSR2025_memory_R9,NanoSR2025_patch,psnr_db,30,30,0.33779817388173056,0.2851589329232676,0.3904299888492461,27.64982569066117,27.31202751677944,4.999750012499375e-05,True,difference_dB,0.00119994000299985,NanoSR (NTIRE 2025) + TwinAudit gaze (ours),NanoSR (NTIRE 2025) + patch,NATURAL VIDEO WITH SIMULATED SENSING,added after the laptop pilot and before the paper run
REDS,clean,256,448,4,64,bicubic,neural_native,SCMSR2025,SCMSR2025_memory_R9,SCMSR2025_memory,mse,30,30,3.437903546697152,2.6310640405997527,4.337198523261165,0.002038638483310933,0.0021112201973543655,4.999750012499375e-05,True,percent_reduction,0.00119994000299985,SCMSR (NTIRE 2025) + TwinAudit gaze (ours),SCMSR (NTIRE 2025) + patch + memory,NATURAL VIDEO WITH SIMULATED SENSING,added after the laptop pilot and before the paper run
REDS,clean,256,448,4,64,bicubic,neural_native,SCMSR2025,SCMSR2025_memory_R9,SCMSR2025_memory,augmented_pqv,30,30,-20.626437451167455,-35.11254858239897,-5.144406383988246,4.1487428718188635e-09,3.4393313435111407e-09,0.021698915054247286,True,percent_reduction,0.3471826408679566,SCMSR (NTIRE 2025) + TwinAudit gaze (ours),SCMSR (NTIRE 2025) + patch + memory,NATURAL VIDEO WITH SIMULATED SENSING,added after the laptop pilot and before the paper run
REDS,clean,256,448,4,64,bicubic,neural_native,SCMSR2025,SCMSR2025_memory_R9,SCMSR2025_memory,write_pqv,30,30,-57.506444435384395,-106.05137221666311,-26.70617063315508,4.00869145059043e-10,2.545096783157314e-10,0.0004999750012499375,True,percent_reduction,0.0024998750062496873,SCMSR (NTIRE 2025) + TwinAudit gaze (ours),SCMSR (NTIRE 2025) + patch + memory,NATURAL VIDEO WITH SIMULATED SENSING,added after the laptop pilot and before the paper run
REDS,clean,256,448,4,64,bicubic,neural_native,SCMSR2025,SCMSR2025_memory_R9,SCMSR2025_memory,psnr_db,30,30,0.16796612775551018,0.12041426126804565,0.21749288335189929,27.616061724366336,27.448095596610827,4.999750012499375e-05,True,difference_dB,0.00119994000299985,SCMSR (NTIRE 2025) + TwinAudit gaze (ours),SCMSR (NTIRE 2025) + patch + memory,NATURAL VIDEO WITH SIMULATED SENSING,added after the laptop pilot and before the paper run
REDS,clean,256,448,4,64,bicubic,neural_native,SCMSR2025,SCMSR2025_memory_R9,SCMSR2025_patch,mse,30,30,7.886510976348527,6.268384473420462,9.439632127601067,0.002038638483310933,0.002213181266847338,4.999750012499375e-05,True,percent_reduction,0.00119994000299985,SCMSR (NTIRE 2025) + TwinAudit gaze (ours),SCMSR (NTIRE 2025) + patch,NATURAL VIDEO WITH SIMULATED SENSING,added after the laptop pilot and before the paper run
REDS,clean,256,448,4,64,bicubic,neural_native,SCMSR2025,SCMSR2025_memory_R9,SCMSR2025_patch,augmented_pqv,30,30,-65.00143597237182,-110.71891353974229,-30.462732823222403,4.1487428718188635e-09,2.5143677370865654e-09,4.999750012499375e-05,True,percent_reduction,0.00119994000299985,SCMSR (NTIRE 2025) + TwinAudit gaze (ours),SCMSR (NTIRE 2025) + patch,NATURAL VIDEO WITH SIMULATED SENSING,added after the laptop pilot and before the paper run
REDS,clean,256,448,4,64,bicubic,neural_native,SCMSR2025,SCMSR2025_memory_R9,SCMSR2025_patch,psnr_db,30,30,0.34352943111739215,0.28845927083794953,0.39871863721927836,27.616061724366336,27.27253229324895,4.999750012499375e-05,True,difference_dB,0.00119994000299985,SCMSR (NTIRE 2025) + TwinAudit gaze (ours),SCMSR (NTIRE 2025) + patch,NATURAL VIDEO WITH SIMULATED SENSING,added after the laptop pilot and before the paper run
REDS,clean,256,448,4,64,bicubic,neural_native,SPANF2025,SPANF2025_memory_R9,SPANF2025_memory,mse,30,30,3.427846147621272,2.6769328564584356,4.2223725060679165,0.0020986278687632875,0.0021731190462742226,4.999750012499375e-05,True,percent_reduction,0.00119994000299985,SPAN-F (NTIRE 2025) + TwinAudit gaze (ours),SPAN-F (NTIRE 2025) + patch + memory,NATURAL VIDEO WITH SIMULATED SENSING,added after the laptop pilot and before the paper run
REDS,clean,256,448,4,64,bicubic,neural_native,SPANF2025,SPANF2025_memory_R9,SPANF2025_memory,augmented_pqv,30,30,-24.122628462682407,-36.65804799284286,-9.879767579090178,3.822034768615219e-09,3.07924092162157e-09,0.0028998550072496373,True,percent_reduction,0.05509724513774311,SPAN-F (NTIRE 2025) + TwinAudit gaze (ours),SPAN-F (NTIRE 2025) + patch + memory,NATURAL VIDEO WITH SIMULATED SENSING,added after the laptop pilot and before the paper run
REDS,clean,256,448,4,64,bicubic,neural_native,SPANF2025,SPANF2025_memory_R9,SPANF2025_memory,write_pqv,30,30,-60.32646731030216,-99.50971281318316,-31.341982035875418,4.283301107176146e-10,2.67161197962784e-10,4.999750012499375e-05,True,percent_reduction,0.000599970001499925,SPAN-F (NTIRE 2025) + TwinAudit gaze (ours),SPAN-F (NTIRE 2025) + patch + memory,NATURAL VIDEO WITH SIMULATED SENSING,added after the laptop pilot and before the paper run
REDS,clean,256,448,4,64,bicubic,neural_native,SPANF2025,SPANF2025_memory_R9,SPANF2025_memory,psnr_db,30,30,0.1706641374737553,0.12565218972514827,0.2182649949839363,27.48053069086873,27.30986655339498,4.999750012499375e-05,True,difference_dB,0.00119994000299985,SPAN-F (NTIRE 2025) + TwinAudit gaze (ours),SPAN-F (NTIRE 2025) + patch + memory,NATURAL VIDEO WITH SIMULATED SENSING,added after the laptop pilot and before the paper run
REDS,clean,256,448,4,64,bicubic,neural_native,SPANF2025,SPANF2025_memory_R9,SPANF2025_patch,mse,30,30,7.952960392292264,6.4393863978615045,9.427450885376544,0.0020986278687632875,0.00227995150925805,4.999750012499375e-05,True,percent_reduction,0.00119994000299985,SPAN-F (NTIRE 2025) + TwinAudit gaze (ours),SPAN-F (NTIRE 2025) + patch,NATURAL VIDEO WITH SIMULATED SENSING,added after the laptop pilot and before the paper run
REDS,clean,256,448,4,64,bicubic,neural_native,SPANF2025,SPANF2025_memory_R9,SPANF2025_patch,augmented_pqv,30,30,-74.73705117854763,-117.51276979130962,-40.99228145486691,3.822034768615219e-09,2.187306437207662e-09,4.999750012499375e-05,True,percent_reduction,0.00119994000299985,SPAN-F (NTIRE 2025) + TwinAudit gaze (ours),SPAN-F (NTIRE 2025) + patch,NATURAL VIDEO WITH SIMULATED SENSING,added after the laptop pilot and before the paper run
REDS,clean,256,448,4,64,bicubic,neural_native,SPANF2025,SPANF2025_memory_R9,SPANF2025_patch,psnr_db,30,30,0.35023859705932997,0.2988350487728845,0.40462713077112056,27.48053069086873,27.1302920938094,4.999750012499375e-05,True,difference_dB,0.00119994000299985,SPAN-F (NTIRE 2025) + TwinAudit gaze (ours),SPAN-F (NTIRE 2025) + patch,NATURAL VIDEO WITH SIMULATED SENSING,added after the laptop pilot and before the paper run
REDS,nominal,256,448,4,64,area,neural_sensor,BasicVSRpp2022_causal,BasicVSRpp2022_causal_memory_R9,BasicVSRpp2022_causal_memory,mse,30,30,5.760391574448431,4.8686402923200225,6.683826038657464,0.004671429917497638,0.004956970848608762,4.999750012499375e-05,True,percent_reduction,0.00119994000299985,BasicVSR++ causal (CVPR 2022) + TwinAudit gaze (ours),BasicVSR++ causal (CVPR 2022) + patch + memory,NATURAL VIDEO WITH SIMULATED SENSING,added after the laptop pilot and before the paper run
REDS,nominal,256,448,4,64,area,neural_sensor,BasicVSRpp2022_causal,BasicVSRpp2022_causal_memory_R9,BasicVSRpp2022_causal_memory,augmented_pqv,30,30,-74.91786074478462,-96.6507291395909,-51.45793066952076,1.4550949539679508e-07,8.318732848505502e-08,4.999750012499375e-05,True,percent_reduction,0.00119994000299985,BasicVSR++ causal (CVPR 2022) + TwinAudit gaze (ours),BasicVSR++ causal (CVPR 2022) + patch + memory,NATURAL VIDEO WITH SIMULATED SENSING,added after the laptop pilot and before the paper run
REDS,nominal,256,448,4,64,area,neural_sensor,BasicVSRpp2022_causal,BasicVSRpp2022_causal_memory_R9,BasicVSRpp2022_causal_memory,write_pqv,30,30,-99.79348524561273,-137.89720163030825,-68.8944994476703,2.4091332182724935e-09,1.2058116986701876e-09,4.999750012499375e-05,True,percent_reduction,0.000599970001499925,BasicVSR++ causal (CVPR 2022) + TwinAudit gaze (ours),BasicVSR++ causal (CVPR 2022) + patch + memory,NATURAL VIDEO WITH SIMULATED SENSING,added after the laptop pilot and before the paper run
REDS,nominal,256,448,4,64,area,neural_sensor,BasicVSRpp2022_causal,BasicVSRpp2022_causal_memory_R9,BasicVSRpp2022_causal_memory,psnr_db,30,30,0.2932917025384435,0.25519397007246025,0.33294774617806844,23.890048189240076,23.59675648670163,4.999750012499375e-05,True,difference_dB,0.00119994000299985,BasicVSR++ causal (CVPR 2022) + TwinAudit gaze (ours),BasicVSR++ causal (CVPR 2022) + patch + memory,NATURAL VIDEO WITH SIMULATED SENSING,added after the laptop pilot and before the paper run
REDS,nominal,256,448,4,64,area,neural_sensor,BasicVSRpp2022_causal,BasicVSRpp2022_causal_memory_R9,BasicVSRpp2022_causal_patch,mse,30,30,9.686948987282474,8.66932940580364,10.790743610035756,0.004671429917497638,0.005172485997444407,4.999750012499375e-05,True,percent_reduction,0.00119994000299985,BasicVSR++ causal (CVPR 2022) + TwinAudit gaze (ours),BasicVSR++ causal (CVPR 2022) + patch,NATURAL VIDEO WITH SIMULATED SENSING,added after the laptop pilot and before the paper run
REDS,nominal,256,448,4,64,area,neural_sensor,BasicVSRpp2022_causal,BasicVSRpp2022_causal_memory_R9,BasicVSRpp2022_causal_patch,augmented_pqv,30,30,-61.2592269249155,-80.10794067820105,-40.75552543749126,1.4550949539679508e-07,9.023328349735069e-08,9.99950002499875e-05,True,percent_reduction,0.00119994000299985,BasicVSR++ causal (CVPR 2022) + TwinAudit gaze (ours),BasicVSR++ causal (CVPR 2022) + patch,NATURAL VIDEO WITH SIMULATED SENSING,added after the laptop pilot and before the paper run
REDS,nominal,256,448,4,64,area,neural_sensor,BasicVSRpp2022_causal,BasicVSRpp2022_causal_memory_R9,BasicVSRpp2022_causal_patch,psnr_db,30,30,0.4434927536841761,0.39728159569763405,0.49146008800536695,23.890048189240076,23.4465554355559,4.999750012499375e-05,True,difference_dB,0.00119994000299985,BasicVSR++ causal (CVPR 2022) + TwinAudit gaze (ours),BasicVSR++ causal (CVPR 2022) + patch,NATURAL VIDEO WITH SIMULATED SENSING,added after the laptop pilot and before the paper run
REDS,nominal,256,448,4,64,area,neural_sensor,NanoSR2025,NanoSR2025_memory_R9,NanoSR2025_memory,mse,30,30,2.4872008774800447,2.050539349152492,2.9943099759190774,0.0028025510541920084,0.0028740340544124296,4.999750012499375e-05,True,percent_reduction,0.00119994000299985,NanoSR (NTIRE 2025) + TwinAudit gaze (ours),NanoSR (NTIRE 2025) + patch + memory,NATURAL VIDEO WITH SIMULATED SENSING,added after the laptop pilot and before the paper run
REDS,nominal,256,448,4,64,area,neural_sensor,NanoSR2025,NanoSR2025_memory_R9,NanoSR2025_memory,augmented_pqv,30,30,-87.22633513061315,-108.25197312473105,-65.17187285270546,1.1238325712151147e-08,6.0025346884619875e-09,4.999750012499375e-05,True,percent_reduction,0.00119994000299985,NanoSR (NTIRE 2025) + TwinAudit gaze (ours),NanoSR (NTIRE 2025) + patch + memory,NATURAL VIDEO WITH SIMULATED SENSING,added after the laptop pilot and before the paper run
REDS,nominal,256,448,4,64,area,neural_sensor,NanoSR2025,NanoSR2025_memory_R9,NanoSR2025_memory,write_pqv,30,30,-86.0451451523583,-112.23091528611039,-62.27401008917639,2.0351480857647686e-09,1.0939001305828868e-09,4.999750012499375e-05,True,percent_reduction,0.000599970001499925,NanoSR (NTIRE 2025) + TwinAudit gaze (ours),NanoSR (NTIRE 2025) + patch + memory,NATURAL VIDEO WITH SIMULATED SENSING,added after the laptop pilot and before the paper run
REDS,nominal,256,448,4,64,area,neural_sensor,NanoSR2025,NanoSR2025_memory_R9,NanoSR2025_memory,psnr_db,30,30,0.12619275940935176,0.10228955388241429,0.1507497348443595,26.1206196045825,25.99442684517316,4.999750012499375e-05,True,difference_dB,0.00119994000299985,NanoSR (NTIRE 2025) + TwinAudit gaze (ours),NanoSR (NTIRE 2025) + patch + memory,NATURAL VIDEO WITH SIMULATED SENSING,added after the laptop pilot and before the paper run
REDS,nominal,256,448,4,64,area,neural_sensor,NanoSR2025,NanoSR2025_memory_R9,NanoSR2025_patch,mse,30,30,3.710873882052612,2.787245823232279,4.578949472185377,0.0028025510541920084,0.0029105581981906047,4.999750012499375e-05,True,percent_reduction,0.00119994000299985,NanoSR (NTIRE 2025) + TwinAudit gaze (ours),NanoSR (NTIRE 2025) + patch,NATURAL VIDEO WITH SIMULATED SENSING,added after the laptop pilot and before the paper run
REDS,nominal,256,448,4,64,area,neural_sensor,NanoSR2025,NanoSR2025_memory_R9,NanoSR2025_patch,augmented_pqv,30,30,-121.69077629072844,-151.98076311398142,-89.87904962867933,1.1238325712151147e-08,5.069370002752413e-09,4.999750012499375e-05,True,percent_reduction,0.00119994000299985,NanoSR (NTIRE 2025) + TwinAudit gaze (ours),NanoSR (NTIRE 2025) + patch,NATURAL VIDEO WITH SIMULATED SENSING,added after the laptop pilot and before the paper run
REDS,nominal,256,448,4,64,area,neural_sensor,NanoSR2025,NanoSR2025_memory_R9,NanoSR2025_patch,psnr_db,30,30,0.1575052363271246,0.12208333149318629,0.19300779131534726,26.1206196045825,25.963114368255386,4.999750012499375e-05,True,difference_dB,0.00119994000299985,NanoSR (NTIRE 2025) + TwinAudit gaze (ours),NanoSR (NTIRE 2025) + patch,NATURAL VIDEO WITH SIMULATED SENSING,added after the laptop pilot and before the paper run
REDS,nominal,256,448,4,64,area,neural_sensor,SCMSR2025,SCMSR2025_memory_R9,SCMSR2025_memory,mse,30,30,2.5293441583018383,2.0830371828653176,3.084620295623157,0.003030674729127593,0.003109320136359505,4.999750012499375e-05,True,percent_reduction,0.00119994000299985,SCMSR (NTIRE 2025) + TwinAudit gaze (ours),SCMSR (NTIRE 2025) + patch + memory,NATURAL VIDEO WITH SIMULATED SENSING,added after the laptop pilot and before the paper run
REDS,nominal,256,448,4,64,area,neural_sensor,SCMSR2025,SCMSR2025_memory_R9,SCMSR2025_memory,augmented_pqv,30,30,-115.52805137682344,-149.30624410503933,-86.22924521975447,1.8098163529093492e-08,8.397126691156852e-09,4.999750012499375e-05,True,percent_reduction,0.00119994000299985,SCMSR (NTIRE 2025) + TwinAudit gaze (ours),SCMSR (NTIRE 2025) + patch + memory,NATURAL VIDEO WITH SIMULATED SENSING,added after the laptop pilot and before the paper run
REDS,nominal,256,448,4,64,area,neural_sensor,SCMSR2025,SCMSR2025_memory_R9,SCMSR2025_memory,write_pqv,30,30,-101.817377329774,-123.10429562870542,-82.73863004005332,2.5812844366963096e-09,1.279019909409701e-09,4.999750012499375e-05,True,percent_reduction,0.000599970001499925,SCMSR (NTIRE 2025) + TwinAudit gaze (ours),SCMSR (NTIRE 2025) + patch + memory,NATURAL VIDEO WITH SIMULATED SENSING,added after the laptop pilot and before the paper run
REDS,nominal,256,448,4,64,area,neural_sensor,SCMSR2025,SCMSR2025_memory_R9,SCMSR2025_memory,psnr_db,30,30,0.1304729354010245,0.10551503208403328,0.1565901541640579,25.754517734362217,25.624044798961204,4.999750012499375e-05,True,difference_dB,0.00119994000299985,SCMSR (NTIRE 2025) + TwinAudit gaze (ours),SCMSR (NTIRE 2025) + patch + memory,NATURAL VIDEO WITH SIMULATED SENSING,added after the laptop pilot and before the paper run
REDS,nominal,256,448,4,64,area,neural_sensor,SCMSR2025,SCMSR2025_memory_R9,SCMSR2025_patch,mse,30,30,3.69449574787698,2.803103822198871,4.52556338724272,0.003030674729127593,0.0031469382281550983,4.999750012499375e-05,True,percent_reduction,0.00119994000299985,SCMSR (NTIRE 2025) + TwinAudit gaze (ours),SCMSR (NTIRE 2025) + patch,NATURAL VIDEO WITH SIMULATED SENSING,added after the laptop pilot and before the paper run
REDS,nominal,256,448,4,64,area,neural_sensor,SCMSR2025,SCMSR2025_memory_R9,SCMSR2025_patch,augmented_pqv,30,30,-137.07491149569907,-177.86640829087506,-101.42368370328953,1.8098163529093492e-08,7.633942965500938e-09,4.999750012499375e-05,True,percent_reduction,0.00119994000299985,SCMSR (NTIRE 2025) + TwinAudit gaze (ours),SCMSR (NTIRE 2025) + patch,NATURAL VIDEO WITH SIMULATED SENSING,added after the laptop pilot and before the paper run
REDS,nominal,256,448,4,64,area,neural_sensor,SCMSR2025,SCMSR2025_memory_R9,SCMSR2025_patch,psnr_db,30,30,0.16198886736079446,0.12756295149700844,0.1972834205602265,25.754517734362217,25.59252886700143,4.999750012499375e-05,True,difference_dB,0.00119994000299985,SCMSR (NTIRE 2025) + TwinAudit gaze (ours),SCMSR (NTIRE 2025) + patch,NATURAL VIDEO WITH SIMULATED SENSING,added after the laptop pilot and before the paper run
REDS,nominal,256,448,4,64,area,neural_sensor,SPANF2025,SPANF2025_memory_R9,SPANF2025_memory,mse,30,30,2.461057061004024,1.984798862666729,3.0168407778210757,0.0027673520335423133,0.0028371765677972388,4.999750012499375e-05,True,percent_reduction,0.00119994000299985,SPAN-F (NTIRE 2025) + TwinAudit gaze (ours),SPAN-F (NTIRE 2025) + patch + memory,NATURAL VIDEO WITH SIMULATED SENSING,added after the laptop pilot and before the paper run
REDS,nominal,256,448,4,64,area,neural_sensor,SPANF2025,SPANF2025_memory_R9,SPANF2025_memory,augmented_pqv,30,30,-70.2881650568949,-89.50022080323315,-51.75144147535451,9.597588104597687e-09,5.636086395898999e-09,4.999750012499375e-05,True,percent_reduction,0.00119994000299985,SPAN-F (NTIRE 2025) + TwinAudit gaze (ours),SPAN-F (NTIRE 2025) + patch + memory,NATURAL VIDEO WITH SIMULATED SENSING,added after the laptop pilot and before the paper run
REDS,nominal,256,448,4,64,area,neural_sensor,SPANF2025,SPANF2025_memory_R9,SPANF2025_memory,write_pqv,30,30,-92.3362009174599,-110.5587573371109,-74.39396083469447,2.028981195482454e-09,1.0549138361910252e-09,4.999750012499375e-05,True,percent_reduction,0.000599970001499925,SPAN-F (NTIRE 2025) + TwinAudit gaze (ours),SPAN-F (NTIRE 2025) + patch + memory,NATURAL VIDEO WITH SIMULATED SENSING,added after the laptop pilot and before the paper run
REDS,nominal,256,448,4,64,area,neural_sensor,SPANF2025,SPANF2025_memory_R9,SPANF2025_memory,psnr_db,30,30,0.1257693658694322,0.09882625739410912,0.15298832196368164,26.18950024033475,26.063730874465314,4.999750012499375e-05,True,difference_dB,0.00119994000299985,SPAN-F (NTIRE 2025) + TwinAudit gaze (ours),SPAN-F (NTIRE 2025) + patch + memory,NATURAL VIDEO WITH SIMULATED SENSING,added after the laptop pilot and before the paper run
REDS,nominal,256,448,4,64,area,neural_sensor,SPANF2025,SPANF2025_memory_R9,SPANF2025_patch,mse,30,30,3.681453323702799,2.6769875965940693,4.644526468880558,0.0027673520335423133,0.0028731247812975196,4.999750012499375e-05,True,percent_reduction,0.00119994000299985,SPAN-F (NTIRE 2025) + TwinAudit gaze (ours),SPAN-F (NTIRE 2025) + patch,NATURAL VIDEO WITH SIMULATED SENSING,added after the laptop pilot and before the paper run
REDS,nominal,256,448,4,64,area,neural_sensor,SPANF2025,SPANF2025_memory_R9,SPANF2025_patch,augmented_pqv,30,30,-114.55737585189966,-148.32809552591547,-85.39712336491479,9.597588104597687e-09,4.473203527257211e-09,4.999750012499375e-05,True,percent_reduction,0.00119994000299985,SPAN-F (NTIRE 2025) + TwinAudit gaze (ours),SPAN-F (NTIRE 2025) + patch,NATURAL VIDEO WITH SIMULATED SENSING,added after the laptop pilot and before the paper run
REDS,nominal,256,448,4,64,area,neural_sensor,SPANF2025,SPANF2025_memory_R9,SPANF2025_patch,psnr_db,30,30,0.15788919072580032,0.12087474327561294,0.1949882952847197,26.18950024033475,26.031611049608944,4.999750012499375e-05,True,difference_dB,0.00119994000299985,SPAN-F (NTIRE 2025) + TwinAudit gaze (ours),SPAN-F (NTIRE 2025) + patch,NATURAL VIDEO WITH SIMULATED SENSING,added after the laptop pilot and before the paper run
REDS_train,clean,256,448,4,64,bicubic,neural_native,BasicVSRpp2022_causal,BasicVSRpp2022_causal_memory_R9,BasicVSRpp2022_causal_memory,mse,20,20,2.6338937478331603,1.7126264262132753,3.6249613590482133,0.0012587715724248483,0.0012928231608284478,4.999750012499375e-05,True,percent_reduction,0.00119994000299985,BasicVSR++ causal (CVPR 2022) + TwinAudit gaze (ours),BasicVSR++ causal (CVPR 2022) + patch + memory,NATURAL VIDEO WITH SIMULATED SENSING,added after the laptop pilot and before the paper run
REDS_train,clean,256,448,4,64,bicubic,neural_native,BasicVSRpp2022_causal,BasicVSRpp2022_causal_memory_R9,BasicVSRpp2022_causal_memory,augmented_pqv,20,20,35.82647823319187,14.993224153294486,48.91916704112621,7.210931063837574e-09,1.1236614206775881e-08,0.0022498875056247186,True,percent_reduction,0.04499775011249437,BasicVSR++ causal (CVPR 2022) + TwinAudit gaze (ours),BasicVSR++ causal (CVPR 2022) + patch + memory,NATURAL VIDEO WITH SIMULATED SENSING,added after the laptop pilot and before the paper run
REDS_train,clean,256,448,4,64,bicubic,neural_native,BasicVSRpp2022_causal,BasicVSRpp2022_causal_memory_R9,BasicVSRpp2022_causal_memory,write_pqv,20,20,-135.90506122144762,-188.51990250543525,-66.49477562818217,5.055573219564421e-10,2.1430541563577045e-10,4.999750012499375e-05,True,percent_reduction,0.000599970001499925,BasicVSR++ causal (CVPR 2022) + TwinAudit gaze (ours),BasicVSR++ causal (CVPR 2022) + patch + memory,NATURAL VIDEO WITH SIMULATED SENSING,added after the laptop pilot and before the paper run
REDS_train,clean,256,448,4,64,bicubic,neural_native,BasicVSRpp2022_causal,BasicVSRpp2022_causal_memory_R9,BasicVSRpp2022_causal_memory,psnr_db,20,20,0.14294310163058058,0.10225977088228821,0.18298428808148992,29.65985082563018,29.5169077239996,9.99950002499875e-05,True,difference_dB,0.00119994000299985,BasicVSR++ causal (CVPR 2022) + TwinAudit gaze (ours),BasicVSR++ causal (CVPR 2022) + patch + memory,NATURAL VIDEO WITH SIMULATED SENSING,added after the laptop pilot and before the paper run
REDS_train,clean,256,448,4,64,bicubic,neural_native,BasicVSRpp2022_causal,BasicVSRpp2022_causal_memory_R9,BasicVSRpp2022_causal_patch,mse,20,20,4.629774712147682,2.997606407803786,6.395990426526943,0.0012587715724248483,0.001319878996432635,4.999750012499375e-05,True,percent_reduction,0.00119994000299985,BasicVSR++ causal (CVPR 2022) + TwinAudit gaze (ours),BasicVSR++ causal (CVPR 2022) + patch,NATURAL VIDEO WITH SIMULATED SENSING,added after the laptop pilot and before the paper run
REDS_train,clean,256,448,4,64,bicubic,neural_native,BasicVSRpp2022_causal,BasicVSRpp2022_causal_memory_R9,BasicVSRpp2022_causal_patch,augmented_pqv,20,20,30.527404484420305,6.875431004151859,45.0166090454811,7.210931063837574e-09,1.037953312428132e-08,0.028848557572121392,True,percent_reduction,0.4327283635818209,BasicVSR++ causal (CVPR 2022) + TwinAudit gaze (ours),BasicVSR++ causal (CVPR 2022) + patch,NATURAL VIDEO WITH SIMULATED SENSING,added after the laptop pilot and before the paper run
REDS_train,clean,256,448,4,64,bicubic,neural_native,BasicVSRpp2022_causal,BasicVSRpp2022_causal_memory_R9,BasicVSRpp2022_causal_patch,psnr_db,20,20,0.24868929214059818,0.18755356732074302,0.31014903851289877,29.65985082563018,29.411161533489583,4.999750012499375e-05,True,difference_dB,0.00119994000299985,BasicVSR++ causal (CVPR 2022) + TwinAudit gaze (ours),BasicVSR++ causal (CVPR 2022) + patch,NATURAL VIDEO WITH SIMULATED SENSING,added after the laptop pilot and before the paper run
REDS_train,clean,256,448,4,64,bicubic,neural_native,NanoSR2025,NanoSR2025_memory_R9,NanoSR2025_memory,mse,20,20,2.642767712875893,1.6907175045086251,3.6360293571652327,0.001913790645528934,0.0019657406035175884,9.99950002499875e-05,True,percent_reduction,0.00119994000299985,NanoSR (NTIRE 2025) + TwinAudit gaze (ours),NanoSR (NTIRE 2025) + patch + memory,NATURAL VIDEO WITH SIMULATED SENSING,added after the laptop pilot and before the paper run
REDS_train,clean,256,448,4,64,bicubic,neural_native,NanoSR2025,NanoSR2025_memory_R9,NanoSR2025_memory,augmented_pqv,20,20,6.813953321738053,-20.65060141167822,23.122653795748246,3.900953098439143e-09,4.186198725553555e-09,0.6112694365281736,True,percent_reduction,1.0,NanoSR (NTIRE 2025) + TwinAudit gaze (ours),NanoSR (NTIRE 2025) + patch + memory,NATURAL VIDEO WITH SIMULATED SENSING,added after the laptop pilot and before the paper run
REDS_train,clean,256,448,4,64,bicubic,neural_native,NanoSR2025,NanoSR2025_memory_R9,NanoSR2025_memory,write_pqv,20,20,-133.913841442721,-157.51501451550016,-72.29633463260589,7.288275620779292e-10,3.1157949336503833e-10,0.00014999250037498125,True,percent_reduction,0.0008999550022498875,NanoSR (NTIRE 2025) + TwinAudit gaze (ours),NanoSR (NTIRE 2025) + patch + memory,NATURAL VIDEO WITH SIMULATED SENSING,added after the laptop pilot and before the paper run
REDS_train,clean,256,448,4,64,bicubic,neural_native,NanoSR2025,NanoSR2025_memory_R9,NanoSR2025_memory,psnr_db,20,20,0.1412035383899754,0.0934063757566039,0.18637269158122585,27.79905176654652,27.657848228156535,9.99950002499875e-05,True,difference_dB,0.00119994000299985,NanoSR (NTIRE 2025) + TwinAudit gaze (ours),NanoSR (NTIRE 2025) + patch + memory,NATURAL VIDEO WITH SIMULATED SENSING,added after the laptop pilot and before the paper run
REDS_train,clean,256,448,4,64,bicubic,neural_native,NanoSR2025,NanoSR2025_memory_R9,NanoSR2025_patch,mse,20,20,6.361481830229909,4.507774696340273,8.234149271272685,0.001913790645528934,0.002043807060315885,4.999750012499375e-05,True,percent_reduction,0.00119994000299985,NanoSR (NTIRE 2025) + TwinAudit gaze (ours),NanoSR (NTIRE 2025) + patch,NATURAL VIDEO WITH SIMULATED SENSING,added after the laptop pilot and before the paper run
REDS_train,clean,256,448,4,64,bicubic,neural_native,NanoSR2025,NanoSR2025_memory_R9,NanoSR2025_patch,augmented_pqv,20,20,-10.695858815137083,-47.32676468978277,10.419970455185025,3.900953098439143e-09,3.5240280351894317e-09,0.40287985600719967,True,percent_reduction,1.0,NanoSR (NTIRE 2025) + TwinAudit gaze (ours),NanoSR (NTIRE 2025) + patch,NATURAL VIDEO WITH SIMULATED SENSING,added after the laptop pilot and before the paper run
REDS_train,clean,256,448,4,64,bicubic,neural_native,NanoSR2025,NanoSR2025_memory_R9,NanoSR2025_patch,psnr_db,20,20,0.3169909917120304,0.24559739011685022,0.3895136670346267,27.79905176654652,27.482060774834487,4.999750012499375e-05,True,difference_dB,0.00119994000299985,NanoSR (NTIRE 2025) + TwinAudit gaze (ours),NanoSR (NTIRE 2025) + patch,NATURAL VIDEO WITH SIMULATED SENSING,added after the laptop pilot and before the paper run
REDS_train,clean,256,448,4,64,bicubic,neural_native,SCMSR2025,SCMSR2025_memory_R9,SCMSR2025_memory,mse,20,20,2.6930217475531593,1.6572107099370634,3.727331448821803,0.0019273241954670083,0.001980663905179426,0.00024998750062496874,True,percent_reduction,0.0022498875056247186,SCMSR (NTIRE 2025) + TwinAudit gaze (ours),SCMSR (NTIRE 2025) + patch + memory,NATURAL VIDEO WITH SIMULATED SENSING,added after the laptop pilot and before the paper run
REDS_train,clean,256,448,4,64,bicubic,neural_native,SCMSR2025,SCMSR2025_memory_R9,SCMSR2025_memory,augmented_pqv,20,20,-0.08127561866337896,-23.645258056415166,15.69588560522733,4.034624805179158e-09,4.031348301906308e-09,0.9934003299835008,True,percent_reduction,1.0,SCMSR (NTIRE 2025) + TwinAudit gaze (ours),SCMSR (NTIRE 2025) + patch + memory,NATURAL VIDEO WITH SIMULATED SENSING,added after the laptop pilot and before the paper run
REDS_train,clean,256,448,4,64,bicubic,neural_native,SCMSR2025,SCMSR2025_memory_R9,SCMSR2025_memory,write_pqv,20,20,-145.3511166135333,-174.74360248397034,-87.62015089637384,7.897980495983209e-10,3.219052191404441e-10,4.999750012499375e-05,True,percent_reduction,0.000599970001499925,SCMSR (NTIRE 2025) + TwinAudit gaze (ours),SCMSR (NTIRE 2025) + patch + memory,NATURAL VIDEO WITH SIMULATED SENSING,added after the laptop pilot and before the paper run
REDS_train,clean,256,448,4,64,bicubic,neural_native,SCMSR2025,SCMSR2025_memory_R9,SCMSR2025_memory,psnr_db,20,20,0.1418961491234459,0.09414404987596611,0.1896065907562717,27.77173759255809,27.62984144343464,9.99950002499875e-05,True,difference_dB,0.00119994000299985,SCMSR (NTIRE 2025) + TwinAudit gaze (ours),SCMSR (NTIRE 2025) + patch + memory,NATURAL VIDEO WITH SIMULATED SENSING,added after the laptop pilot and before the paper run
REDS_train,clean,256,448,4,64,bicubic,neural_native,SCMSR2025,SCMSR2025_memory_R9,SCMSR2025_patch,mse,20,20,6.42615273818622,4.434154132530899,8.410315575220508,0.0019273241954670083,0.0020596825415059353,4.999750012499375e-05,True,percent_reduction,0.00119994000299985,SCMSR (NTIRE 2025) + TwinAudit gaze (ours),SCMSR (NTIRE 2025) + patch,NATURAL VIDEO WITH SIMULATED SENSING,added after the laptop pilot and before the paper run
REDS_train,clean,256,448,4,64,bicubic,neural_native,SCMSR2025,SCMSR2025_memory_R9,SCMSR2025_patch,augmented_pqv,20,20,-19.704448605032397,-52.12173177348208,3.3495222369801767,4.034624805179158e-09,3.370488609401223e-09,0.12549372531373432,True,percent_reduction,1.0,SCMSR (NTIRE 2025) + TwinAudit gaze (ours),SCMSR (NTIRE 2025) + patch,NATURAL VIDEO WITH SIMULATED SENSING,added after the laptop pilot and before the paper run
REDS_train,clean,256,448,4,64,bicubic,neural_native,SCMSR2025,SCMSR2025_memory_R9,SCMSR2025_patch,psnr_db,20,20,0.3172073037468561,0.2405950073414102,0.3932472193926709,27.77173759255809,27.454530288811235,4.999750012499375e-05,True,difference_dB,0.00119994000299985,SCMSR (NTIRE 2025) + TwinAudit gaze (ours),SCMSR (NTIRE 2025) + patch,NATURAL VIDEO WITH SIMULATED SENSING,added after the laptop pilot and before the paper run
REDS_train,clean,256,448,4,64,bicubic,neural_native,SPANF2025,SPANF2025_memory_R9,SPANF2025_memory,mse,20,20,2.8534838992080203,1.8057180397995203,3.8798190915162785,0.001987574480548574,0.0020459554910712543,9.99950002499875e-05,True,percent_reduction,0.00119994000299985,SPAN-F (NTIRE 2025) + TwinAudit gaze (ours),SPAN-F (NTIRE 2025) + patch + memory,NATURAL VIDEO WITH SIMULATED SENSING,added after the laptop pilot and before the paper run
REDS_train,clean,256,448,4,64,bicubic,neural_native,SPANF2025,SPANF2025_memory_R9,SPANF2025_memory,augmented_pqv,20,20,-8.822025789409405,-33.135305640298476,7.3900101149410125,3.5295274806983905e-09,3.2433943910662666e-09,0.3618319084045798,True,percent_reduction,1.0,SPAN-F (NTIRE 2025) + TwinAudit gaze (ours),SPAN-F (NTIRE 2025) + patch + memory,NATURAL VIDEO WITH SIMULATED SENSING,added after the laptop pilot and before the paper run
REDS_train,clean,256,448,4,64,bicubic,neural_native,SPANF2025,SPANF2025_memory_R9,SPANF2025_memory,write_pqv,20,20,-143.3303708104969,-174.95997090564515,-85.31468997099715,8.338508554326932e-10,3.426826058149919e-10,4.999750012499375e-05,True,percent_reduction,0.000599970001499925,SPAN-F (NTIRE 2025) + TwinAudit gaze (ours),SPAN-F (NTIRE 2025) + patch + memory,NATURAL VIDEO WITH SIMULATED SENSING,added after the laptop pilot and before the paper run
REDS_train,clean,256,448,4,64,bicubic,neural_native,SPANF2025,SPANF2025_memory_R9,SPANF2025_memory,psnr_db,20,20,0.14994118329702247,0.09945772486863577,0.1974067762046271,27.639148281717002,27.48920709841998,4.999750012499375e-05,True,difference_dB,0.00119994000299985,SPAN-F (NTIRE 2025) + TwinAudit gaze (ours),SPAN-F (NTIRE 2025) + patch + memory,NATURAL VIDEO WITH SIMULATED SENSING,added after the laptop pilot and before the paper run
REDS_train,clean,256,448,4,64,bicubic,neural_native,SPANF2025,SPANF2025_memory_R9,SPANF2025_patch,mse,20,20,6.674816571303543,4.718032730511817,8.56740721357744,0.001987574480548574,0.0021297300551968877,4.999750012499375e-05,True,percent_reduction,0.00119994000299985,SPAN-F (NTIRE 2025) + TwinAudit gaze (ours),SPAN-F (NTIRE 2025) + patch,NATURAL VIDEO WITH SIMULATED SENSING,added after the laptop pilot and before the paper run
REDS_train,clean,256,448,4,64,bicubic,neural_native,SPANF2025,SPANF2025_memory_R9,SPANF2025_patch,augmented_pqv,20,20,-35.24002734191738,-75.29953856583755,-9.927041268166553,3.5295274806983905e-09,2.609824583793485e-09,0.011649417529123544,True,percent_reduction,0.19804009799510025,SPAN-F (NTIRE 2025) + TwinAudit gaze (ours),SPAN-F (NTIRE 2025) + patch,NATURAL VIDEO WITH SIMULATED SENSING,added after the laptop pilot and before the paper run
REDS_train,clean,256,448,4,64,bicubic,neural_native,SPANF2025,SPANF2025_memory_R9,SPANF2025_patch,psnr_db,20,20,0.33049755847664014,0.2530166622595942,0.4056775558413954,27.639148281717002,27.308650723240362,4.999750012499375e-05,True,difference_dB,0.00119994000299985,SPAN-F (NTIRE 2025) + TwinAudit gaze (ours),SPAN-F (NTIRE 2025) + patch,NATURAL VIDEO WITH SIMULATED SENSING,added after the laptop pilot and before the paper run
REDS_train,nominal,256,448,4,64,area,neural_sensor,BasicVSRpp2022_causal,BasicVSRpp2022_causal_memory_R9,BasicVSRpp2022_causal_memory,mse,20,20,5.760579731581705,4.893631222328664,6.708193898055206,0.004672836718775216,0.004958473540547858,4.999750012499375e-05,True,percent_reduction,0.00119994000299985,BasicVSR++ causal (CVPR 2022) + TwinAudit gaze (ours),BasicVSR++ causal (CVPR 2022) + patch + memory,NATURAL VIDEO WITH SIMULATED SENSING,added after the laptop pilot and before the paper run
REDS_train,nominal,256,448,4,64,area,neural_sensor,BasicVSRpp2022_causal,BasicVSRpp2022_causal_memory_R9,BasicVSRpp2022_causal_memory,augmented_pqv,20,20,-52.86599478414256,-88.20629987709448,-27.439192795791286,1.5793085446802148e-07,1.0331326773559473e-07,0.00014999250037498125,True,percent_reduction,0.0014999250037498126,BasicVSR++ causal (CVPR 2022) + TwinAudit gaze (ours),BasicVSR++ causal (CVPR 2022) + patch + memory,NATURAL VIDEO WITH SIMULATED SENSING,added after the laptop pilot and before the paper run
REDS_train,nominal,256,448,4,64,area,neural_sensor,BasicVSRpp2022_causal,BasicVSRpp2022_causal_memory_R9,BasicVSRpp2022_causal_memory,write_pqv,20,20,-103.46524252000103,-140.80455838682437,-70.12618421490724,2.570911053021266e-09,1.263562769335672e-09,4.999750012499375e-05,True,percent_reduction,0.000599970001499925,BasicVSR++ causal (CVPR 2022) + TwinAudit gaze (ours),BasicVSR++ causal (CVPR 2022) + patch + memory,NATURAL VIDEO WITH SIMULATED SENSING,added after the laptop pilot and before the paper run
REDS_train,nominal,256,448,4,64,area,neural_sensor,BasicVSRpp2022_causal,BasicVSRpp2022_causal_memory_R9,BasicVSRpp2022_causal_memory,psnr_db,20,20,0.2653156777158204,0.22748930362426212,0.3054914325086582,24.007597374488935,23.742281696773116,4.999750012499375e-05,True,difference_dB,0.00119994000299985,BasicVSR++ causal (CVPR 2022) + TwinAudit gaze (ours),BasicVSR++ causal (CVPR 2022) + patch + memory,NATURAL VIDEO WITH SIMULATED SENSING,added after the laptop pilot and before the paper run
REDS_train,nominal,256,448,4,64,area,neural_sensor,BasicVSRpp2022_causal,BasicVSRpp2022_causal_memory_R9,BasicVSRpp2022_causal_patch,mse,20,20,10.096183689838,8.269802795658611,11.638324339769069,0.004672836718775216,0.005197595508798258,9.99950002499875e-05,True,percent_reduction,0.00119994000299985,BasicVSR++ causal (CVPR 2022) + TwinAudit gaze (ours),BasicVSR++ causal (CVPR 2022) + patch,NATURAL VIDEO WITH SIMULATED SENSING,added after the laptop pilot and before the paper run
REDS_train,nominal,256,448,4,64,area,neural_sensor,BasicVSRpp2022_causal,BasicVSRpp2022_causal_memory_R9,BasicVSRpp2022_causal_patch,augmented_pqv,20,20,-36.88727235698752,-68.29907967131741,-15.30440333966332,1.5793085446802148e-07,1.1537292821216754e-07,0.0008999550022498875,True,percent_reduction,0.008099595020248988,BasicVSR++ causal (CVPR 2022) + TwinAudit gaze (ours),BasicVSR++ causal (CVPR 2022) + patch,NATURAL VIDEO WITH SIMULATED SENSING,added after the laptop pilot and before the paper run
REDS_train,nominal,256,448,4,64,area,neural_sensor,BasicVSRpp2022_causal,BasicVSRpp2022_causal_memory_R9,BasicVSRpp2022_causal_patch,psnr_db,20,20,0.448805662174931,0.37050239008713515,0.5287454772817957,24.007597374488935,23.558791712314004,4.999750012499375e-05,True,difference_dB,0.00119994000299985,BasicVSR++ causal (CVPR 2022) + TwinAudit gaze (ours),BasicVSR++ causal (CVPR 2022) + patch,NATURAL VIDEO WITH SIMULATED SENSING,added after the laptop pilot and before the paper run
REDS_train,nominal,256,448,4,64,area,neural_sensor,NanoSR2025,NanoSR2025_memory_R9,NanoSR2025_memory,mse,20,20,2.5083333395841123,1.7614798378232897,3.227716571188681,0.0026825268077809595,0.002751544721380924,4.999750012499375e-05,True,percent_reduction,0.00119994000299985,NanoSR (NTIRE 2025) + TwinAudit gaze (ours),NanoSR (NTIRE 2025) + patch + memory,NATURAL VIDEO WITH SIMULATED SENSING,added after the laptop pilot and before the paper run
REDS_train,nominal,256,448,4,64,area,neural_sensor,NanoSR2025,NanoSR2025_memory_R9,NanoSR2025_memory,augmented_pqv,20,20,-99.52258500755238,-115.62657708129608,-82.82129422749807,1.1814542309153986e-08,5.921405994567873e-09,9.99950002499875e-05,True,percent_reduction,0.00119994000299985,NanoSR (NTIRE 2025) + TwinAudit gaze (ours),NanoSR (NTIRE 2025) + patch + memory,NATURAL VIDEO WITH SIMULATED SENSING,added after the laptop pilot and before the paper run
REDS_train,nominal,256,448,4,64,area,neural_sensor,NanoSR2025,NanoSR2025_memory_R9,NanoSR2025_memory,write_pqv,20,20,-105.22741571420417,-146.43378519750374,-76.38396419835786,2.479176180617346e-09,1.2080141300759739e-09,4.999750012499375e-05,True,percent_reduction,0.000599970001499925,NanoSR (NTIRE 2025) + TwinAudit gaze (ours),NanoSR (NTIRE 2025) + patch + memory,NATURAL VIDEO WITH SIMULATED SENSING,added after the laptop pilot and before the paper run
REDS_train,nominal,256,448,4,64,area,neural_sensor,NanoSR2025,NanoSR2025_memory_R9,NanoSR2025_memory,psnr_db,20,20,0.12001405785777415,0.08647334949674065,0.1502862728303533,26.258612754339868,26.13859869648209,4.999750012499375e-05,True,difference_dB,0.00119994000299985,NanoSR (NTIRE 2025) + TwinAudit gaze (ours),NanoSR (NTIRE 2025) + patch + memory,NATURAL VIDEO WITH SIMULATED SENSING,added after the laptop pilot and before the paper run
REDS_train,nominal,256,448,4,64,area,neural_sensor,NanoSR2025,NanoSR2025_memory_R9,NanoSR2025_patch,mse,20,20,3.65941006800532,2.1948813080227496,5.09733388585102,0.0026825268077809595,0.002784420159430738,0.000199990000499975,True,percent_reduction,0.001799910004499775,NanoSR (NTIRE 2025) + TwinAudit gaze (ours),NanoSR (NTIRE 2025) + patch,NATURAL VIDEO WITH SIMULATED SENSING,added after the laptop pilot and before the paper run
REDS_train,nominal,256,448,4,64,area,neural_sensor,NanoSR2025,NanoSR2025_memory_R9,NanoSR2025_patch,augmented_pqv,20,20,-114.18317528352605,-148.22614184858995,-84.87659809151342,1.1814542309153986e-08,5.516092612556718e-09,4.999750012499375e-05,True,percent_reduction,0.00119994000299985,NanoSR (NTIRE 2025) + TwinAudit gaze (ours),NanoSR (NTIRE 2025) + patch,NATURAL VIDEO WITH SIMULATED SENSING,added after the laptop pilot and before the paper run
REDS_train,nominal,256,448,4,64,area,neural_sensor,NanoSR2025,NanoSR2025_memory_R9,NanoSR2025_patch,psnr_db,20,20,0.17127511699794606,0.11951274517960507,0.22339234910322064,26.258612754339868,26.08733763734192,4.999750012499375e-05,True,difference_dB,0.00119994000299985,NanoSR (NTIRE 2025) + TwinAudit gaze (ours),NanoSR (NTIRE 2025) + patch,NATURAL VIDEO WITH SIMULATED SENSING,added after the laptop pilot and before the paper run
REDS_train,nominal,256,448,4,64,area,neural_sensor,SCMSR2025,SCMSR2025_memory_R9,SCMSR2025_memory,mse,20,20,2.827553356185819,2.0933055493212107,3.5108507468991257,0.002965995840197138,0.003052301287698356,4.999750012499375e-05,True,percent_reduction,0.00119994000299985,SCMSR (NTIRE 2025) + TwinAudit gaze (ours),SCMSR (NTIRE 2025) + patch + memory,NATURAL VIDEO WITH SIMULATED SENSING,added after the laptop pilot and before the paper run
REDS_train,nominal,256,448,4,64,area,neural_sensor,SCMSR2025,SCMSR2025_memory_R9,SCMSR2025_memory,augmented_pqv,20,20,-132.95159331174924,-158.18108624975136,-108.96260214396015,1.9724615427579422e-08,8.46725929072432e-09,4.999750012499375e-05,True,percent_reduction,0.00119994000299985,SCMSR (NTIRE 2025) + TwinAudit gaze (ours),SCMSR (NTIRE 2025) + patch + memory,NATURAL VIDEO WITH SIMULATED SENSING,added after the laptop pilot and before the paper run
REDS_train,nominal,256,448,4,64,area,neural_sensor,SCMSR2025,SCMSR2025_memory_R9,SCMSR2025_memory,write_pqv,20,20,-125.28688065698898,-172.77708799455442,-93.85833438091944,3.1174136302422813e-09,1.3837528493231286e-09,4.999750012499375e-05,True,percent_reduction,0.000599970001499925,SCMSR (NTIRE 2025) + TwinAudit gaze (ours),SCMSR (NTIRE 2025) + patch + memory,NATURAL VIDEO WITH SIMULATED SENSING,added after the laptop pilot and before the paper run
REDS_train,nominal,256,448,4,64,area,neural_sensor,SCMSR2025,SCMSR2025_memory_R9,SCMSR2025_memory,psnr_db,20,20,0.13224046006330498,0.10111166861660402,0.1615440789390809,25.818119285016486,25.685878824953186,4.999750012499375e-05,True,difference_dB,0.00119994000299985,SCMSR (NTIRE 2025) + TwinAudit gaze (ours),SCMSR (NTIRE 2025) + patch + memory,NATURAL VIDEO WITH SIMULATED SENSING,added after the laptop pilot and before the paper run
REDS_train,nominal,256,448,4,64,area,neural_sensor,SCMSR2025,SCMSR2025_memory_R9,SCMSR2025_patch,mse,20,20,4.134641451243959,2.7086412906252666,5.607173784033319,0.002965995840197138,0.0030939182673464533,4.999750012499375e-05,True,percent_reduction,0.00119994000299985,SCMSR (NTIRE 2025) + TwinAudit gaze (ours),SCMSR (NTIRE 2025) + patch,NATURAL VIDEO WITH SIMULATED SENSING,added after the laptop pilot and before the paper run
REDS_train,nominal,256,448,4,64,area,neural_sensor,SCMSR2025,SCMSR2025_memory_R9,SCMSR2025_patch,augmented_pqv,20,20,-135.77480292261254,-175.09570572705263,-100.16654250785987,1.9724615427579422e-08,8.365870815319293e-09,4.999750012499375e-05,True,percent_reduction,0.00119994000299985,SCMSR (NTIRE 2025) + TwinAudit gaze (ours),SCMSR (NTIRE 2025) + patch,NATURAL VIDEO WITH SIMULATED SENSING,added after the laptop pilot and before the paper run
REDS_train,nominal,256,448,4,64,area,neural_sensor,SCMSR2025,SCMSR2025_memory_R9,SCMSR2025_patch,psnr_db,20,20,0.1904813682290296,0.1351134547587883,0.24755745894531903,25.818119285016486,25.627637916787457,9.99950002499875e-05,True,difference_dB,0.00119994000299985,SCMSR (NTIRE 2025) + TwinAudit gaze (ours),SCMSR (NTIRE 2025) + patch,NATURAL VIDEO WITH SIMULATED SENSING,added after the laptop pilot and before the paper run
REDS_train,nominal,256,448,4,64,area,neural_sensor,SPANF2025,SPANF2025_memory_R9,SPANF2025_memory,mse,20,20,2.281422748911599,1.588891138541737,2.9066201231623805,0.0026274878546901164,0.002688831467468844,9.99950002499875e-05,True,percent_reduction,0.00119994000299985,SPAN-F (NTIRE 2025) + TwinAudit gaze (ours),SPAN-F (NTIRE 2025) + patch + memory,NATURAL VIDEO WITH SIMULATED SENSING,added after the laptop pilot and before the paper run
REDS_train,nominal,256,448,4,64,area,neural_sensor,SPANF2025,SPANF2025_memory_R9,SPANF2025_memory,augmented_pqv,20,20,-81.0334121982782,-94.73911637865595,-66.28483000251683,9.098652210332878e-09,5.025951894652193e-09,4.999750012499375e-05,True,percent_reduction,0.00119994000299985,SPAN-F (NTIRE 2025) + TwinAudit gaze (ours),SPAN-F (NTIRE 2025) + patch + memory,NATURAL VIDEO WITH SIMULATED SENSING,added after the laptop pilot and before the paper run
REDS_train,nominal,256,448,4,64,area,neural_sensor,SPANF2025,SPANF2025_memory_R9,SPANF2025_memory,write_pqv,20,20,-108.55840590021124,-184.00054178856442,-72.40451100450886,2.467518155473561e-09,1.183130521554807e-09,4.999750012499375e-05,True,percent_reduction,0.000599970001499925,SPAN-F (NTIRE 2025) + TwinAudit gaze (ours),SPAN-F (NTIRE 2025) + patch + memory,NATURAL VIDEO WITH SIMULATED SENSING,added after the laptop pilot and before the paper run
REDS_train,nominal,256,448,4,64,area,neural_sensor,SPANF2025,SPANF2025_memory_R9,SPANF2025_memory,psnr_db,20,20,0.10802526769900175,0.07489725829648589,0.1372244635461935,26.363744971774935,26.255719704075933,4.999750012499375e-05,True,difference_dB,0.00119994000299985,SPAN-F (NTIRE 2025) + TwinAudit gaze (ours),SPAN-F (NTIRE 2025) + patch + memory,NATURAL VIDEO WITH SIMULATED SENSING,added after the laptop pilot and before the paper run
REDS_train,nominal,256,448,4,64,area,neural_sensor,SPANF2025,SPANF2025_memory_R9,SPANF2025_patch,mse,20,20,3.352355861109535,2.0634781422888446,4.602786700745928,0.0026274878546901164,0.0027186258683286725,4.999750012499375e-05,True,percent_reduction,0.00119994000299985,SPAN-F (NTIRE 2025) + TwinAudit gaze (ours),SPAN-F (NTIRE 2025) + patch,NATURAL VIDEO WITH SIMULATED SENSING,added after the laptop pilot and before the paper run
REDS_train,nominal,256,448,4,64,area,neural_sensor,SPANF2025,SPANF2025_memory_R9,SPANF2025_patch,augmented_pqv,20,20,-108.71953145240249,-143.38745583152686,-80.4263174465128,9.098652210332878e-09,4.35927205615052e-09,4.999750012499375e-05,True,percent_reduction,0.00119994000299985,SPAN-F (NTIRE 2025) + TwinAudit gaze (ours),SPAN-F (NTIRE 2025) + patch,NATURAL VIDEO WITH SIMULATED SENSING,added after the laptop pilot and before the paper run
REDS_train,nominal,256,448,4,64,area,neural_sensor,SPANF2025,SPANF2025_memory_R9,SPANF2025_patch,psnr_db,20,20,0.15690565421861963,0.11009947932364723,0.20218698883477346,26.363744971774935,26.206839317556312,4.999750012499375e-05,True,difference_dB,0.00119994000299985,SPAN-F (NTIRE 2025) + TwinAudit gaze (ours),SPAN-F (NTIRE 2025) + patch,NATURAL VIDEO WITH SIMULATED SENSING,added after the laptop pilot and before the paper run
