dataset,regime,height,width,factor,fovea,preview_kernel,study,method,source_clusters,cs_simultaneous_covered,cs_simultaneous_covered_ci_low,cs_simultaneous_covered_ci_high,cs_final_covered,cs_final_covered_ci_low,cs_final_covered_ci_high,cs_final_width,cs_final_width_ci_low,cs_final_width_ci_high,assumptions_hold,interval_limitation
DAVIS,biased_stress,256,448,4,64,area,bias_negative_control,PEM_R9_TwinAudit,15,1.0,1.0,1.0,1.0,1.0,1.0,0.00945916455308366,0.007838123864494149,0.01133415826643702,False,Percentile source bootstrap can collapse when all repetitions have identical coverage; this is not proof of nominal coverage.
DAVIS,clean,256,448,4,64,bicubic,neural_native,BasicVSRpp2022_causal_memory,10,1.0,1.0,1.0,1.0,1.0,1.0,0.028895955907650605,0.02383839458475041,0.034294349837731615,True,Percentile source bootstrap can collapse when all repetitions have identical coverage; this is not proof of nominal coverage.
DAVIS,clean,256,448,4,64,bicubic,neural_native,BasicVSRpp2022_causal_memory_R9,10,1.0,1.0,1.0,1.0,1.0,1.0,0.030893805449526378,0.024633514306100925,0.03777983904583145,True,Percentile source bootstrap can collapse when all repetitions have identical coverage; this is not proof of nominal coverage.
DAVIS,clean,256,448,4,64,bicubic,neural_native,BasicVSRpp2022_causal_patch,10,1.0,1.0,1.0,1.0,1.0,1.0,0.02726991092382709,0.022399562527483114,0.032496349670287666,True,Percentile source bootstrap can collapse when all repetitions have identical coverage; this is not proof of nominal coverage.
DAVIS,clean,256,448,4,64,bicubic,neural_native,BasicVSRpp2022_offline_patch,10,1.0,1.0,1.0,1.0,1.0,1.0,0.02827297135879368,0.02336726903060377,0.0336468394772232,True,Percentile source bootstrap can collapse when all repetitions have identical coverage; this is not proof of nominal coverage.
DAVIS,clean,256,448,4,64,bicubic,neural_native,NanoSR2025_memory,10,1.0,1.0,1.0,1.0,1.0,1.0,0.025537249626984993,0.020401377958588686,0.030686571887925146,True,Percentile source bootstrap can collapse when all repetitions have identical coverage; this is not proof of nominal coverage.
DAVIS,clean,256,448,4,64,bicubic,neural_native,NanoSR2025_memory_R9,10,1.0,1.0,1.0,1.0,1.0,1.0,0.026501631053832443,0.019702678144198755,0.03369255497258668,True,Percentile source bootstrap can collapse when all repetitions have identical coverage; this is not proof of nominal coverage.
DAVIS,clean,256,448,4,64,bicubic,neural_native,NanoSR2025_patch,10,1.0,1.0,1.0,1.0,1.0,1.0,0.02290304864571923,0.01822662287369367,0.02763801001238978,True,Percentile source bootstrap can collapse when all repetitions have identical coverage; this is not proof of nominal coverage.
DAVIS,clean,256,448,4,64,bicubic,neural_native,PEM_R6_fixed,10,1.0,1.0,1.0,1.0,1.0,1.0,0.03642290581862212,0.026316326304774738,0.047978041919420865,True,Percentile source bootstrap can collapse when all repetitions have identical coverage; this is not proof of nominal coverage.
DAVIS,clean,256,448,4,64,bicubic,neural_native,PEM_R9_TwinAudit,10,1.0,1.0,1.0,1.0,1.0,1.0,0.01059831591562527,0.007685236581319733,0.0144737803370422,True,Percentile source bootstrap can collapse when all repetitions have identical coverage; this is not proof of nominal coverage.
DAVIS,clean,256,448,4,64,bicubic,neural_native,PEM_uniform,10,1.0,1.0,1.0,1.0,1.0,1.0,0.016247527096190442,0.010992407313641137,0.02289943735910416,True,Percentile source bootstrap can collapse when all repetitions have identical coverage; this is not proof of nominal coverage.
DAVIS,clean,256,448,4,64,bicubic,neural_native,SCMSR2025_memory,10,1.0,1.0,1.0,1.0,1.0,1.0,0.025023395690499117,0.02010379514940435,0.030094653986824184,True,Percentile source bootstrap can collapse when all repetitions have identical coverage; this is not proof of nominal coverage.
DAVIS,clean,256,448,4,64,bicubic,neural_native,SCMSR2025_memory_R9,10,1.0,1.0,1.0,1.0,1.0,1.0,0.026188460777495648,0.019943350771629852,0.03333353190709504,True,Percentile source bootstrap can collapse when all repetitions have identical coverage; this is not proof of nominal coverage.
DAVIS,clean,256,448,4,64,bicubic,neural_native,SCMSR2025_patch,10,1.0,1.0,1.0,1.0,1.0,1.0,0.02233310868067534,0.017816778796678114,0.02679775713879683,True,Percentile source bootstrap can collapse when all repetitions have identical coverage; this is not proof of nominal coverage.
DAVIS,clean,256,448,4,64,bicubic,neural_native,SPANF2025_memory,10,1.0,1.0,1.0,1.0,1.0,1.0,0.024858364110659333,0.019946570180728818,0.02991355883993974,True,Percentile source bootstrap can collapse when all repetitions have identical coverage; this is not proof of nominal coverage.
DAVIS,clean,256,448,4,64,bicubic,neural_native,SPANF2025_memory_R9,10,1.0,1.0,1.0,1.0,1.0,1.0,0.025563903200245812,0.019114386440196085,0.03265943278444699,True,Percentile source bootstrap can collapse when all repetitions have identical coverage; this is not proof of nominal coverage.
DAVIS,clean,256,448,4,64,bicubic,neural_native,SPANF2025_patch,10,1.0,1.0,1.0,1.0,1.0,1.0,0.021877152630908756,0.01742569777602625,0.02643429797799412,True,Percentile source bootstrap can collapse when all repetitions have identical coverage; this is not proof of nominal coverage.
DAVIS,drift,256,448,4,64,area,main,PEM_R6_fixed,40,1.0,1.0,1.0,1.0,1.0,1.0,0.035975257814189344,0.0311842690374349,0.040667327958675746,True,Percentile source bootstrap can collapse when all repetitions have identical coverage; this is not proof of nominal coverage.
DAVIS,drift,256,448,4,64,area,main,PEM_R8_certified,40,1.0,1.0,1.0,1.0,1.0,1.0,0.010609288727967247,0.009579205508721123,0.011779480159526788,True,Percentile source bootstrap can collapse when all repetitions have identical coverage; this is not proof of nominal coverage.
DAVIS,drift,256,448,4,64,area,main,PEM_R9_TwinAudit,40,1.0,1.0,1.0,1.0,1.0,1.0,0.010155599197574448,0.009213909895735123,0.011207543407691237,True,Percentile source bootstrap can collapse when all repetitions have identical coverage; this is not proof of nominal coverage.
DAVIS,drift,256,448,4,64,area,main,PEM_R9_TwinAudit_strict,40,1.0,1.0,1.0,1.0,1.0,1.0,0.008994689322855612,0.00822280106046404,0.009772086694920622,True,Percentile source bootstrap can collapse when all repetitions have identical coverage; this is not proof of nominal coverage.
DAVIS,drift,256,448,4,64,area,main,PEM_R9_dual_fixed,40,1.0,1.0,1.0,1.0,1.0,1.0,0.010774796981820104,0.009703248712342488,0.011979545932815264,True,Percentile source bootstrap can collapse when all repetitions have identical coverage; this is not proof of nominal coverage.
DAVIS,drift,256,448,4,64,area,main,PEM_audit_only,40,1.0,1.0,1.0,1.0,1.0,1.0,0.008675484867322817,0.007960035017596673,0.009444369524744492,True,Percentile source bootstrap can collapse when all repetitions have identical coverage; this is not proof of nominal coverage.
DAVIS,drift,256,448,4,64,area,main,PEM_greedy,40,1.0,1.0,1.0,1.0,1.0,1.0,0.45413605054569095,0.39283098723390053,0.5185923570521441,True,Percentile source bootstrap can collapse when all repetitions have identical coverage; this is not proof of nominal coverage.
DAVIS,drift,256,448,4,64,area,main,PEM_risk_only,40,1.0,1.0,1.0,1.0,1.0,1.0,0.01603737234894459,0.013673503843398145,0.018886290398681702,True,Percentile source bootstrap can collapse when all repetitions have identical coverage; this is not proof of nominal coverage.
DAVIS,drift,256,448,4,64,area,main,PEM_softmax,40,1.0,1.0,1.0,1.0,1.0,1.0,0.10270871080054471,0.08436197503431712,0.12325104048272843,True,Percentile source bootstrap can collapse when all repetitions have identical coverage; this is not proof of nominal coverage.
DAVIS,drift,256,448,4,64,area,main,PEM_uniform,40,1.0,1.0,1.0,1.0,1.0,1.0,0.016349559004365317,0.014421162454120385,0.01844683995752551,True,Percentile source bootstrap can collapse when all repetitions have identical coverage; this is not proof of nominal coverage.
DAVIS,drift,256,448,4,64,area,main,PPAT2026_M1,40,1.0,1.0,1.0,1.0,1.0,1.0,0.009311848352580632,0.00847047671705354,0.010189512395084758,True,Percentile source bootstrap can collapse when all repetitions have identical coverage; this is not proof of nominal coverage.
DAVIS,nominal,256,448,4,64,area,certificate,PEM_R9_cert1.05,15,1.0,1.0,1.0,1.0,1.0,1.0,0.0074203699854447636,0.006510572842811402,0.00843596221680401,True,Percentile source bootstrap can collapse when all repetitions have identical coverage; this is not proof of nominal coverage.
DAVIS,nominal,256,448,4,64,area,certificate,PEM_R9_cert1.25,15,1.0,1.0,1.0,1.0,1.0,1.0,0.007900963840795572,0.006882253636313562,0.008983899261824633,True,Percentile source bootstrap can collapse when all repetitions have identical coverage; this is not proof of nominal coverage.
DAVIS,nominal,256,448,4,64,area,certificate,PEM_R9_cert1.5,15,1.0,1.0,1.0,1.0,1.0,1.0,0.008173417089592312,0.007085062072249724,0.009421872251757073,True,Percentile source bootstrap can collapse when all repetitions have identical coverage; this is not proof of nominal coverage.
DAVIS,nominal,256,448,4,64,area,certificate,PEM_R9_cert2,15,1.0,1.0,1.0,1.0,1.0,1.0,0.009179738803633776,0.0076128822113861695,0.011074298306585479,True,Percentile source bootstrap can collapse when all repetitions have identical coverage; this is not proof of nominal coverage.
DAVIS,nominal,256,448,4,64,area,certificate,PEM_R9_cert4,15,1.0,1.0,1.0,1.0,1.0,1.0,0.012639566739238958,0.00942553060666502,0.017020074479984493,True,Percentile source bootstrap can collapse when all repetitions have identical coverage; this is not proof of nominal coverage.
DAVIS,nominal,256,448,4,64,area,kappa,PEM_R9_k1,15,1.0,1.0,1.0,1.0,1.0,1.0,0.00852009703411565,0.007304169620492785,0.009823073788281117,True,Percentile source bootstrap can collapse when all repetitions have identical coverage; this is not proof of nominal coverage.
DAVIS,nominal,256,448,4,64,area,kappa,PEM_R9_k2,15,1.0,1.0,1.0,1.0,1.0,1.0,0.010146411144647002,0.0081030708816643,0.012738896987928372,True,Percentile source bootstrap can collapse when all repetitions have identical coverage; this is not proof of nominal coverage.
DAVIS,nominal,256,448,4,64,area,kappa,PEM_R9_k4,15,1.0,1.0,1.0,1.0,1.0,1.0,0.01071889630916163,0.008310039033772565,0.013803229451223335,True,Percentile source bootstrap can collapse when all repetitions have identical coverage; this is not proof of nominal coverage.
DAVIS,nominal,256,448,4,64,area,kappa,PEM_R9_k8,15,1.0,1.0,1.0,1.0,1.0,1.0,0.01087144576880367,0.008380311533750753,0.014148865763536626,True,Percentile source bootstrap can collapse when all repetitions have identical coverage; this is not proof of nominal coverage.
DAVIS,nominal,256,448,4,64,area,main,PEM_R6_fixed,40,1.0,1.0,1.0,1.0,1.0,1.0,0.036775862424802644,0.03121122321804462,0.042475069011192045,True,Percentile source bootstrap can collapse when all repetitions have identical coverage; this is not proof of nominal coverage.
DAVIS,nominal,256,448,4,64,area,main,PEM_R8_certified,40,1.0,1.0,1.0,1.0,1.0,1.0,0.010702332446487486,0.009536840523328333,0.01204259755722843,True,Percentile source bootstrap can collapse when all repetitions have identical coverage; this is not proof of nominal coverage.
DAVIS,nominal,256,448,4,64,area,main,PEM_R9_TwinAudit,40,1.0,1.0,1.0,1.0,1.0,1.0,0.01022525103377577,0.009175540012265296,0.011352393225575071,True,Percentile source bootstrap can collapse when all repetitions have identical coverage; this is not proof of nominal coverage.
DAVIS,nominal,256,448,4,64,area,main,PEM_R9_TwinAudit_strict,40,1.0,1.0,1.0,1.0,1.0,1.0,0.009017374039723535,0.008241070413786777,0.009842109145039933,True,Percentile source bootstrap can collapse when all repetitions have identical coverage; this is not proof of nominal coverage.
DAVIS,nominal,256,448,4,64,area,main,PEM_R9_dual_fixed,40,1.0,1.0,1.0,1.0,1.0,1.0,0.010779883865937659,0.009630231142370086,0.012074741954974176,True,Percentile source bootstrap can collapse when all repetitions have identical coverage; this is not proof of nominal coverage.
DAVIS,nominal,256,448,4,64,area,main,PEM_audit_only,40,1.0,1.0,1.0,1.0,1.0,1.0,0.008709936605346396,0.007968311014432676,0.009458263814973184,True,Percentile source bootstrap can collapse when all repetitions have identical coverage; this is not proof of nominal coverage.
DAVIS,nominal,256,448,4,64,area,main,PEM_greedy,40,1.0,1.0,1.0,1.0,1.0,1.0,0.4426203687882834,0.37283355443585553,0.510126651115753,True,Percentile source bootstrap can collapse when all repetitions have identical coverage; this is not proof of nominal coverage.
DAVIS,nominal,256,448,4,64,area,main,PEM_risk_only,40,1.0,1.0,1.0,1.0,1.0,1.0,0.01540893815345302,0.01297351376463304,0.01836851103452087,True,Percentile source bootstrap can collapse when all repetitions have identical coverage; this is not proof of nominal coverage.
DAVIS,nominal,256,448,4,64,area,main,PEM_softmax,40,1.0,1.0,1.0,1.0,1.0,1.0,0.0845486287105969,0.06651434531517846,0.10478088945418686,True,Percentile source bootstrap can collapse when all repetitions have identical coverage; this is not proof of nominal coverage.
DAVIS,nominal,256,448,4,64,area,main,PEM_uniform,40,1.0,1.0,1.0,1.0,1.0,1.0,0.015782554809262238,0.013803670218537385,0.01796271948233416,True,Percentile source bootstrap can collapse when all repetitions have identical coverage; this is not proof of nominal coverage.
DAVIS,nominal,256,448,4,64,area,main,PPAT2026_M1,40,1.0,1.0,1.0,1.0,1.0,1.0,0.009460966638086023,0.008540382358518847,0.010491178316004216,True,Percentile source bootstrap can collapse when all repetitions have identical coverage; this is not proof of nominal coverage.
DAVIS,nominal,256,448,4,64,area,neural_sensor,BasicVSRpp2022_causal_memory,10,1.0,1.0,1.0,1.0,1.0,1.0,0.06233486159619006,0.04634562563732991,0.08131713500599286,True,Percentile source bootstrap can collapse when all repetitions have identical coverage; this is not proof of nominal coverage.
DAVIS,nominal,256,448,4,64,area,neural_sensor,BasicVSRpp2022_causal_memory_R9,10,1.0,1.0,1.0,1.0,1.0,1.0,0.05126790299358155,0.04168529358703977,0.06181740905618516,True,Percentile source bootstrap can collapse when all repetitions have identical coverage; this is not proof of nominal coverage.
DAVIS,nominal,256,448,4,64,area,neural_sensor,BasicVSRpp2022_causal_patch,10,1.0,1.0,1.0,1.0,1.0,1.0,0.0630086653666995,0.0463066710972861,0.08246969523671539,True,Percentile source bootstrap can collapse when all repetitions have identical coverage; this is not proof of nominal coverage.
DAVIS,nominal,256,448,4,64,area,neural_sensor,BasicVSRpp2022_offline_patch,10,1.0,1.0,1.0,1.0,1.0,1.0,0.07825302018871269,0.05559749737362934,0.10350452766792191,True,Percentile source bootstrap can collapse when all repetitions have identical coverage; this is not proof of nominal coverage.
DAVIS,nominal,256,448,4,64,area,neural_sensor,NanoSR2025_memory,10,1.0,1.0,1.0,1.0,1.0,1.0,0.029588300031845576,0.023910986456113018,0.035545181483692276,True,Percentile source bootstrap can collapse when all repetitions have identical coverage; this is not proof of nominal coverage.
DAVIS,nominal,256,448,4,64,area,neural_sensor,NanoSR2025_memory_R9,10,1.0,1.0,1.0,1.0,1.0,1.0,0.03053787374015148,0.02282122268766785,0.0388989242988538,True,Percentile source bootstrap can collapse when all repetitions have identical coverage; this is not proof of nominal coverage.
DAVIS,nominal,256,448,4,64,area,neural_sensor,NanoSR2025_patch,10,1.0,1.0,1.0,1.0,1.0,1.0,0.027477526459474065,0.02156454378088895,0.03361944158724615,True,Percentile source bootstrap can collapse when all repetitions have identical coverage; this is not proof of nominal coverage.
DAVIS,nominal,256,448,4,64,area,neural_sensor,PEM_R6_fixed,10,1.0,1.0,1.0,1.0,1.0,1.0,0.03714645258964494,0.028077918253195194,0.04778660945223689,True,Percentile source bootstrap can collapse when all repetitions have identical coverage; this is not proof of nominal coverage.
DAVIS,nominal,256,448,4,64,area,neural_sensor,PEM_R9_TwinAudit,10,1.0,1.0,1.0,1.0,1.0,1.0,0.010666649810435311,0.007738521010839593,0.014370796327263149,True,Percentile source bootstrap can collapse when all repetitions have identical coverage; this is not proof of nominal coverage.
DAVIS,nominal,256,448,4,64,area,neural_sensor,PEM_uniform,10,1.0,1.0,1.0,1.0,1.0,1.0,0.016251609680807206,0.01110732585143551,0.02286503574340125,True,Percentile source bootstrap can collapse when all repetitions have identical coverage; this is not proof of nominal coverage.
DAVIS,nominal,256,448,4,64,area,neural_sensor,SCMSR2025_memory,10,1.0,1.0,1.0,1.0,1.0,1.0,0.03117204979024434,0.024924285907575266,0.03761869243887655,True,Percentile source bootstrap can collapse when all repetitions have identical coverage; this is not proof of nominal coverage.
DAVIS,nominal,256,448,4,64,area,neural_sensor,SCMSR2025_memory_R9,10,1.0,1.0,1.0,1.0,1.0,1.0,0.03221108740406336,0.02326898241764073,0.042161135229732874,True,Percentile source bootstrap can collapse when all repetitions have identical coverage; this is not proof of nominal coverage.
DAVIS,nominal,256,448,4,64,area,neural_sensor,SCMSR2025_patch,10,1.0,1.0,1.0,1.0,1.0,1.0,0.02948249066936396,0.02277830147163491,0.03636612360268925,True,Percentile source bootstrap can collapse when all repetitions have identical coverage; this is not proof of nominal coverage.
DAVIS,nominal,256,448,4,64,area,neural_sensor,SPANF2025_memory,10,1.0,1.0,1.0,1.0,1.0,1.0,0.02756244795679913,0.02240089472014962,0.03281088907647805,True,Percentile source bootstrap can collapse when all repetitions have identical coverage; this is not proof of nominal coverage.
DAVIS,nominal,256,448,4,64,area,neural_sensor,SPANF2025_memory_R9,10,1.0,1.0,1.0,1.0,1.0,1.0,0.028455339561721776,0.02121711156558228,0.036559122750389715,True,Percentile source bootstrap can collapse when all repetitions have identical coverage; this is not proof of nominal coverage.
DAVIS,nominal,256,448,4,64,area,neural_sensor,SPANF2025_patch,10,1.0,1.0,1.0,1.0,1.0,1.0,0.024889084369558796,0.019723498478890125,0.03026681980756289,True,Percentile source bootstrap can collapse when all repetitions have identical coverage; this is not proof of nominal coverage.
DAVIS,nominal,256,448,4,64,area,write_kappa,PEM_R9_writek1,15,1.0,1.0,1.0,1.0,1.0,1.0,0.008563723583406952,0.0073353955929346334,0.009959233832595192,True,Percentile source bootstrap can collapse when all repetitions have identical coverage; this is not proof of nominal coverage.
DAVIS,nominal,256,448,4,64,area,write_kappa,PEM_R9_writek1.25,15,1.0,1.0,1.0,1.0,1.0,1.0,0.009658124721547175,0.0079473927366758,0.011699971761279446,True,Percentile source bootstrap can collapse when all repetitions have identical coverage; this is not proof of nominal coverage.
DAVIS,nominal,256,448,4,64,area,write_kappa,PEM_R9_writek2,15,1.0,1.0,1.0,1.0,1.0,1.0,0.010146411144647002,0.008123551955154205,0.01269353904052589,True,Percentile source bootstrap can collapse when all repetitions have identical coverage; this is not proof of nominal coverage.
DAVIS,nominal,256,448,4,64,area,write_kappa,PEM_R9_writek4,15,1.0,1.0,1.0,1.0,1.0,1.0,0.01012364888021996,0.008118446250585026,0.012664257278708239,True,Percentile source bootstrap can collapse when all repetitions have identical coverage; this is not proof of nominal coverage.
DAVIS,nominal,256,448,4,64,area,write_kappa,PEM_R9_writek8,15,1.0,1.0,1.0,1.0,1.0,1.0,0.010121069478080185,0.00812207427116942,0.012736298330818909,True,Percentile source bootstrap can collapse when all repetitions have identical coverage; this is not proof of nominal coverage.
DAVIS,nominal,256,448,4,64,bicubic,bicubic,PEM_R6_fixed,15,1.0,1.0,1.0,1.0,1.0,1.0,0.03413853028435481,0.025648690434412168,0.04319117732436061,True,Percentile source bootstrap can collapse when all repetitions have identical coverage; this is not proof of nominal coverage.
DAVIS,nominal,256,448,4,64,bicubic,bicubic,PEM_R8_certified,15,1.0,1.0,1.0,1.0,1.0,1.0,0.010460912702399367,0.008216371948277887,0.013320040229574755,True,Percentile source bootstrap can collapse when all repetitions have identical coverage; this is not proof of nominal coverage.
DAVIS,nominal,256,448,4,64,bicubic,bicubic,PEM_R9_TwinAudit,15,1.0,1.0,1.0,1.0,1.0,1.0,0.010014225799977149,0.008040587883444486,0.012497997337385354,True,Percentile source bootstrap can collapse when all repetitions have identical coverage; this is not proof of nominal coverage.
DAVIS,nominal,256,448,4,64,bicubic,bicubic,PEM_greedy,15,1.0,1.0,1.0,1.0,1.0,1.0,0.39953613296776697,0.29699617039307663,0.5174190311158529,True,Percentile source bootstrap can collapse when all repetitions have identical coverage; this is not proof of nominal coverage.
DAVIS,nominal,256,448,4,64,bicubic,bicubic,PEM_uniform,15,1.0,1.0,1.0,1.0,1.0,1.0,0.014846095647673113,0.011325321452534178,0.01927798244315986,True,Percentile source bootstrap can collapse when all repetitions have identical coverage; this is not proof of nominal coverage.
DAVIS,nominal,256,448,8,64,area,scale8,PEM_R6_fixed,15,1.0,1.0,1.0,1.0,1.0,1.0,0.0552575533111432,0.04062437992084722,0.0714482097453755,True,Percentile source bootstrap can collapse when all repetitions have identical coverage; this is not proof of nominal coverage.
DAVIS,nominal,256,448,8,64,area,scale8,PEM_R8_certified,15,1.0,1.0,1.0,1.0,1.0,1.0,0.014415726920916033,0.00983903220915967,0.0205664116344766,True,Percentile source bootstrap can collapse when all repetitions have identical coverage; this is not proof of nominal coverage.
DAVIS,nominal,256,448,8,64,area,scale8,PEM_R9_TwinAudit,15,1.0,1.0,1.0,1.0,1.0,1.0,0.013031490947286868,0.009509289135526212,0.01755139828699746,True,Percentile source bootstrap can collapse when all repetitions have identical coverage; this is not proof of nominal coverage.
DAVIS,nominal,256,448,8,64,area,scale8,PEM_greedy,15,1.0,1.0,1.0,1.0,1.0,1.0,0.6550943784697882,0.4954476292385686,0.8331417411448178,True,Percentile source bootstrap can collapse when all repetitions have identical coverage; this is not proof of nominal coverage.
DAVIS,nominal,256,448,8,64,area,scale8,PEM_uniform,15,1.0,1.0,1.0,1.0,1.0,1.0,0.021904075251501395,0.01576803868269115,0.03005522978191692,True,Percentile source bootstrap can collapse when all repetitions have identical coverage; this is not proof of nominal coverage.
REDS,biased_stress,256,448,4,64,area,bias_negative_control,PEM_R9_TwinAudit,15,1.0,1.0,1.0,1.0,1.0,1.0,0.008338685866500386,0.006843980956552941,0.010098256590981736,False,Percentile source bootstrap can collapse when all repetitions have identical coverage; this is not proof of nominal coverage.
REDS,clean,256,448,4,64,bicubic,neural_native,BasicVSRpp2022_causal_memory,30,1.0,1.0,1.0,1.0,1.0,1.0,0.030968774695004975,0.028224791999389046,0.03384128534923849,True,Percentile source bootstrap can collapse when all repetitions have identical coverage; this is not proof of nominal coverage.
REDS,clean,256,448,4,64,bicubic,neural_native,BasicVSRpp2022_causal_memory_R9,30,1.0,1.0,1.0,1.0,1.0,1.0,0.03571345573426563,0.03207558265208783,0.03952576481195812,True,Percentile source bootstrap can collapse when all repetitions have identical coverage; this is not proof of nominal coverage.
REDS,clean,256,448,4,64,bicubic,neural_native,BasicVSRpp2022_causal_patch,30,1.0,1.0,1.0,1.0,1.0,1.0,0.030176932115041945,0.027355063960350905,0.03308840417496952,True,Percentile source bootstrap can collapse when all repetitions have identical coverage; this is not proof of nominal coverage.
REDS,clean,256,448,4,64,bicubic,neural_native,BasicVSRpp2022_offline_patch,30,1.0,1.0,1.0,1.0,1.0,1.0,0.031403791389792456,0.02844422961452633,0.03448337822317233,True,Percentile source bootstrap can collapse when all repetitions have identical coverage; this is not proof of nominal coverage.
REDS,clean,256,448,4,64,bicubic,neural_native,NanoSR2025_memory,30,1.0,1.0,1.0,1.0,1.0,1.0,0.024638195093318452,0.022721411109761534,0.026684666144405213,True,Percentile source bootstrap can collapse when all repetitions have identical coverage; this is not proof of nominal coverage.
REDS,clean,256,448,4,64,bicubic,neural_native,NanoSR2025_memory_R9,30,1.0,1.0,1.0,1.0,1.0,1.0,0.027959314104036466,0.025487062414473644,0.030550508640644986,True,Percentile source bootstrap can collapse when all repetitions have identical coverage; this is not proof of nominal coverage.
REDS,clean,256,448,4,64,bicubic,neural_native,NanoSR2025_patch,30,1.0,1.0,1.0,1.0,1.0,1.0,0.022111542637525645,0.02039113884451991,0.023811421897847004,True,Percentile source bootstrap can collapse when all repetitions have identical coverage; this is not proof of nominal coverage.
REDS,clean,256,448,4,64,bicubic,neural_native,PEM_R6_fixed,30,1.0,1.0,1.0,1.0,1.0,1.0,0.035089920908456744,0.03135163510332996,0.03882733429316117,True,Percentile source bootstrap can collapse when all repetitions have identical coverage; this is not proof of nominal coverage.
REDS,clean,256,448,4,64,bicubic,neural_native,PEM_R9_TwinAudit,30,1.0,1.0,1.0,1.0,1.0,1.0,0.008163457456902237,0.007289336574290573,0.009211678143197718,True,Percentile source bootstrap can collapse when all repetitions have identical coverage; this is not proof of nominal coverage.
REDS,clean,256,448,4,64,bicubic,neural_native,PEM_uniform,30,1.0,1.0,1.0,1.0,1.0,1.0,0.013759347456754603,0.011888362738126242,0.015917488231877906,True,Percentile source bootstrap can collapse when all repetitions have identical coverage; this is not proof of nominal coverage.
REDS,clean,256,448,4,64,bicubic,neural_native,SCMSR2025_memory,30,1.0,1.0,1.0,1.0,1.0,1.0,0.024537752070314608,0.02259157674041704,0.026545958531216732,True,Percentile source bootstrap can collapse when all repetitions have identical coverage; this is not proof of nominal coverage.
REDS,clean,256,448,4,64,bicubic,neural_native,SCMSR2025_memory_R9,30,1.0,1.0,1.0,1.0,1.0,1.0,0.027932117690650272,0.025418116745988876,0.030484989298947728,True,Percentile source bootstrap can collapse when all repetitions have identical coverage; this is not proof of nominal coverage.
REDS,clean,256,448,4,64,bicubic,neural_native,SCMSR2025_patch,30,1.0,1.0,1.0,1.0,1.0,1.0,0.021943028997523317,0.020345178098441323,0.023573973906753993,True,Percentile source bootstrap can collapse when all repetitions have identical coverage; this is not proof of nominal coverage.
REDS,clean,256,448,4,64,bicubic,neural_native,SPANF2025_memory,30,1.0,1.0,1.0,1.0,1.0,1.0,0.023983878017684805,0.022028958841869117,0.025889278536934953,True,Percentile source bootstrap can collapse when all repetitions have identical coverage; this is not proof of nominal coverage.
REDS,clean,256,448,4,64,bicubic,neural_native,SPANF2025_memory_R9,30,1.0,1.0,1.0,1.0,1.0,1.0,0.026946669713767985,0.024580132605411337,0.029383533520354096,True,Percentile source bootstrap can collapse when all repetitions have identical coverage; this is not proof of nominal coverage.
REDS,clean,256,448,4,64,bicubic,neural_native,SPANF2025_patch,30,1.0,1.0,1.0,1.0,1.0,1.0,0.021196760985291385,0.019623793021326705,0.022812809043497573,True,Percentile source bootstrap can collapse when all repetitions have identical coverage; this is not proof of nominal coverage.
REDS,drift,256,448,4,64,area,main,PEM_R6_fixed,30,1.0,1.0,1.0,1.0,1.0,1.0,0.034242878329144966,0.030468081088091608,0.03822158794833001,True,Percentile source bootstrap can collapse when all repetitions have identical coverage; this is not proof of nominal coverage.
REDS,drift,256,448,4,64,area,main,PEM_R8_certified,30,1.0,1.0,1.0,1.0,1.0,1.0,0.00880463663091379,0.007812350615443865,0.01000382697787024,True,Percentile source bootstrap can collapse when all repetitions have identical coverage; this is not proof of nominal coverage.
REDS,drift,256,448,4,64,area,main,PEM_R9_TwinAudit,30,1.0,1.0,1.0,1.0,1.0,1.0,0.008170089780444022,0.007333831147780239,0.00913442141539558,True,Percentile source bootstrap can collapse when all repetitions have identical coverage; this is not proof of nominal coverage.
REDS,drift,256,448,4,64,area,main,PEM_R9_TwinAudit_strict,30,1.0,1.0,1.0,1.0,1.0,1.0,0.006406896107424698,0.005958185048253264,0.006949206629196728,True,Percentile source bootstrap can collapse when all repetitions have identical coverage; this is not proof of nominal coverage.
REDS,drift,256,448,4,64,area,main,PEM_R9_dual_fixed,30,1.0,1.0,1.0,1.0,1.0,1.0,0.009105776174213329,0.007976658586229184,0.010450258857280233,True,Percentile source bootstrap can collapse when all repetitions have identical coverage; this is not proof of nominal coverage.
REDS,drift,256,448,4,64,area,main,PEM_audit_only,30,1.0,1.0,1.0,1.0,1.0,1.0,0.006113913498523435,0.0057754193957775014,0.0065406249274634655,True,Percentile source bootstrap can collapse when all repetitions have identical coverage; this is not proof of nominal coverage.
REDS,drift,256,448,4,64,area,main,PEM_greedy,30,1.0,1.0,1.0,1.0,1.0,1.0,0.43442090661459504,0.3835681584983495,0.4901004706282042,True,Percentile source bootstrap can collapse when all repetitions have identical coverage; this is not proof of nominal coverage.
REDS,drift,256,448,4,64,area,main,PEM_risk_only,30,1.0,1.0,1.0,1.0,1.0,1.0,0.013641327199952655,0.011639570996174476,0.016078108893209767,True,Percentile source bootstrap can collapse when all repetitions have identical coverage; this is not proof of nominal coverage.
REDS,drift,256,448,4,64,area,main,PEM_softmax,30,1.0,1.0,1.0,1.0,1.0,1.0,0.10458257930885521,0.08552709566573623,0.12739470868497413,True,Percentile source bootstrap can collapse when all repetitions have identical coverage; this is not proof of nominal coverage.
REDS,drift,256,448,4,64,area,main,PEM_uniform,30,1.0,1.0,1.0,1.0,1.0,1.0,0.014259331671291339,0.012382494662647807,0.01636509653987772,True,Percentile source bootstrap can collapse when all repetitions have identical coverage; this is not proof of nominal coverage.
REDS,drift,256,448,4,64,area,main,PPAT2026_M1,30,1.0,1.0,1.0,1.0,1.0,1.0,0.006706176116762696,0.006108157330576444,0.0074830916239657305,True,Percentile source bootstrap can collapse when all repetitions have identical coverage; this is not proof of nominal coverage.
REDS,nominal,256,448,4,64,area,certificate,PEM_R9_cert1.05,15,1.0,1.0,1.0,1.0,1.0,1.0,0.005446501430710989,0.005164529380551995,0.005786278879517119,True,Percentile source bootstrap can collapse when all repetitions have identical coverage; this is not proof of nominal coverage.
REDS,nominal,256,448,4,64,area,certificate,PEM_R9_cert1.25,15,1.0,1.0,1.0,1.0,1.0,1.0,0.005812781332093865,0.005377081180575836,0.006379637427241051,True,Percentile source bootstrap can collapse when all repetitions have identical coverage; this is not proof of nominal coverage.
REDS,nominal,256,448,4,64,area,certificate,PEM_R9_cert1.5,15,1.0,1.0,1.0,1.0,1.0,1.0,0.006343177618791429,0.005696813709409496,0.007126857875940206,True,Percentile source bootstrap can collapse when all repetitions have identical coverage; this is not proof of nominal coverage.
REDS,nominal,256,448,4,64,area,certificate,PEM_R9_cert2,15,1.0,1.0,1.0,1.0,1.0,1.0,0.00749759036709485,0.006485296860283281,0.008718403022251143,True,Percentile source bootstrap can collapse when all repetitions have identical coverage; this is not proof of nominal coverage.
REDS,nominal,256,448,4,64,area,certificate,PEM_R9_cert4,15,1.0,1.0,1.0,1.0,1.0,1.0,0.012079892763345054,0.009381832232486039,0.01513196290797618,True,Percentile source bootstrap can collapse when all repetitions have identical coverage; this is not proof of nominal coverage.
REDS,nominal,256,448,4,64,area,kappa,PEM_R9_k1,15,1.0,1.0,1.0,1.0,1.0,1.0,0.006743855970658546,0.005841048764131477,0.007765133566092838,True,Percentile source bootstrap can collapse when all repetitions have identical coverage; this is not proof of nominal coverage.
REDS,nominal,256,448,4,64,area,kappa,PEM_R9_k2,15,1.0,1.0,1.0,1.0,1.0,1.0,0.008716303190342991,0.0071562236565390624,0.010590235523346375,True,Percentile source bootstrap can collapse when all repetitions have identical coverage; this is not proof of nominal coverage.
REDS,nominal,256,448,4,64,area,kappa,PEM_R9_k4,15,1.0,1.0,1.0,1.0,1.0,1.0,0.009681838037803566,0.007674318129647463,0.011964007410318757,True,Percentile source bootstrap can collapse when all repetitions have identical coverage; this is not proof of nominal coverage.
REDS,nominal,256,448,4,64,area,kappa,PEM_R9_k8,15,1.0,1.0,1.0,1.0,1.0,1.0,0.00983690680148938,0.007836833091135547,0.012168986778051078,True,Percentile source bootstrap can collapse when all repetitions have identical coverage; this is not proof of nominal coverage.
REDS,nominal,256,448,4,64,area,main,PEM_R6_fixed,30,1.0,1.0,1.0,1.0,1.0,1.0,0.03437958824489373,0.030595178059556034,0.038501992131197385,True,Percentile source bootstrap can collapse when all repetitions have identical coverage; this is not proof of nominal coverage.
REDS,nominal,256,448,4,64,area,main,PEM_R8_certified,30,1.0,1.0,1.0,1.0,1.0,1.0,0.008735009128764933,0.007671296769835935,0.010029864651892094,True,Percentile source bootstrap can collapse when all repetitions have identical coverage; this is not proof of nominal coverage.
REDS,nominal,256,448,4,64,area,main,PEM_R9_TwinAudit,30,1.0,1.0,1.0,1.0,1.0,1.0,0.008135935609728532,0.0072738685699365885,0.009136799410961339,True,Percentile source bootstrap can collapse when all repetitions have identical coverage; this is not proof of nominal coverage.
REDS,nominal,256,448,4,64,area,main,PEM_R9_TwinAudit_strict,30,1.0,1.0,1.0,1.0,1.0,1.0,0.006349094529626907,0.005905049249972852,0.0068790313592402555,True,Percentile source bootstrap can collapse when all repetitions have identical coverage; this is not proof of nominal coverage.
REDS,nominal,256,448,4,64,area,main,PEM_R9_dual_fixed,30,1.0,1.0,1.0,1.0,1.0,1.0,0.008938026481985906,0.007800802181073554,0.010296291332386225,True,Percentile source bootstrap can collapse when all repetitions have identical coverage; this is not proof of nominal coverage.
REDS,nominal,256,448,4,64,area,main,PEM_audit_only,30,1.0,1.0,1.0,1.0,1.0,1.0,0.006155988276101492,0.005776275632136292,0.006634781509616974,True,Percentile source bootstrap can collapse when all repetitions have identical coverage; this is not proof of nominal coverage.
REDS,nominal,256,448,4,64,area,main,PEM_greedy,30,1.0,1.0,1.0,1.0,1.0,1.0,0.4264602185968628,0.3746090654184297,0.483922671270409,True,Percentile source bootstrap can collapse when all repetitions have identical coverage; this is not proof of nominal coverage.
REDS,nominal,256,448,4,64,area,main,PEM_risk_only,30,1.0,1.0,1.0,1.0,1.0,1.0,0.013050828130489994,0.010928184350861151,0.015632727952999307,True,Percentile source bootstrap can collapse when all repetitions have identical coverage; this is not proof of nominal coverage.
REDS,nominal,256,448,4,64,area,main,PEM_softmax,30,1.0,1.0,1.0,1.0,1.0,1.0,0.09143323987366947,0.07138366553590982,0.11450418977580822,True,Percentile source bootstrap can collapse when all repetitions have identical coverage; this is not proof of nominal coverage.
REDS,nominal,256,448,4,64,area,main,PEM_uniform,30,1.0,1.0,1.0,1.0,1.0,1.0,0.013574314138810608,0.011717325862481986,0.01565724581291645,True,Percentile source bootstrap can collapse when all repetitions have identical coverage; this is not proof of nominal coverage.
REDS,nominal,256,448,4,64,area,main,PPAT2026_M1,30,1.0,1.0,1.0,1.0,1.0,1.0,0.006712150795177669,0.0060938974293355975,0.007503936754640819,True,Percentile source bootstrap can collapse when all repetitions have identical coverage; this is not proof of nominal coverage.
REDS,nominal,256,448,4,64,area,neural_sensor,BasicVSRpp2022_causal_memory,30,1.0,1.0,1.0,1.0,1.0,1.0,0.07405713378938204,0.06743435739378009,0.0811077205594132,True,Percentile source bootstrap can collapse when all repetitions have identical coverage; this is not proof of nominal coverage.
REDS,nominal,256,448,4,64,area,neural_sensor,BasicVSRpp2022_causal_memory_R9,30,1.0,1.0,1.0,1.0,1.0,1.0,0.07450053349298734,0.0651869126490151,0.08372307688121083,True,Percentile source bootstrap can collapse when all repetitions have identical coverage; this is not proof of nominal coverage.
REDS,nominal,256,448,4,64,area,neural_sensor,BasicVSRpp2022_causal_patch,30,1.0,1.0,1.0,1.0,1.0,1.0,0.0755695978740147,0.06888646840697096,0.08296528521029156,True,Percentile source bootstrap can collapse when all repetitions have identical coverage; this is not proof of nominal coverage.
REDS,nominal,256,448,4,64,area,neural_sensor,BasicVSRpp2022_offline_patch,30,1.0,1.0,1.0,1.0,1.0,1.0,0.10050651915580257,0.09183814622954663,0.10886436767354235,True,Percentile source bootstrap can collapse when all repetitions have identical coverage; this is not proof of nominal coverage.
REDS,nominal,256,448,4,64,area,neural_sensor,NanoSR2025_memory,30,1.0,1.0,1.0,1.0,1.0,1.0,0.02882741145361516,0.026489523292150464,0.031129863200095836,True,Percentile source bootstrap can collapse when all repetitions have identical coverage; this is not proof of nominal coverage.
REDS,nominal,256,448,4,64,area,neural_sensor,NanoSR2025_memory_R9,30,1.0,1.0,1.0,1.0,1.0,1.0,0.03235873851849133,0.029193358397898522,0.03561790900078175,True,Percentile source bootstrap can collapse when all repetitions have identical coverage; this is not proof of nominal coverage.
REDS,nominal,256,448,4,64,area,neural_sensor,NanoSR2025_patch,30,1.0,1.0,1.0,1.0,1.0,1.0,0.027130647787684592,0.02493606337731465,0.029265884594741793,True,Percentile source bootstrap can collapse when all repetitions have identical coverage; this is not proof of nominal coverage.
REDS,nominal,256,448,4,64,area,neural_sensor,PEM_R6_fixed,30,1.0,1.0,1.0,1.0,1.0,1.0,0.0343861707506897,0.030519090486410078,0.03833819711356569,True,Percentile source bootstrap can collapse when all repetitions have identical coverage; this is not proof of nominal coverage.
REDS,nominal,256,448,4,64,area,neural_sensor,PEM_R9_TwinAudit,30,1.0,1.0,1.0,1.0,1.0,1.0,0.008112251473186873,0.00724822745130164,0.009087041770801977,True,Percentile source bootstrap can collapse when all repetitions have identical coverage; this is not proof of nominal coverage.
REDS,nominal,256,448,4,64,area,neural_sensor,PEM_uniform,30,1.0,1.0,1.0,1.0,1.0,1.0,0.013714873339141686,0.0117616445378922,0.01603845640333753,True,Percentile source bootstrap can collapse when all repetitions have identical coverage; this is not proof of nominal coverage.
REDS,nominal,256,448,4,64,area,neural_sensor,SCMSR2025_memory,30,1.0,1.0,1.0,1.0,1.0,1.0,0.031589668736167996,0.028868936159434776,0.034324260473183515,True,Percentile source bootstrap can collapse when all repetitions have identical coverage; this is not proof of nominal coverage.
REDS,nominal,256,448,4,64,area,neural_sensor,SCMSR2025_memory_R9,30,1.0,1.0,1.0,1.0,1.0,1.0,0.03470630444127901,0.031141176046603946,0.03855698391912848,True,Percentile source bootstrap can collapse when all repetitions have identical coverage; this is not proof of nominal coverage.
REDS,nominal,256,448,4,64,area,neural_sensor,SCMSR2025_patch,30,1.0,1.0,1.0,1.0,1.0,1.0,0.03026491644511241,0.02766628844308798,0.032886200454426855,True,Percentile source bootstrap can collapse when all repetitions have identical coverage; this is not proof of nominal coverage.
REDS,nominal,256,448,4,64,area,neural_sensor,SPANF2025_memory,30,1.0,1.0,1.0,1.0,1.0,1.0,0.02689916619247392,0.0246760392434697,0.029217703825204562,True,Percentile source bootstrap can collapse when all repetitions have identical coverage; this is not proof of nominal coverage.
REDS,nominal,256,448,4,64,area,neural_sensor,SPANF2025_memory_R9,30,1.0,1.0,1.0,1.0,1.0,1.0,0.02996684416584162,0.027029119652387742,0.03300650721568406,True,Percentile source bootstrap can collapse when all repetitions have identical coverage; this is not proof of nominal coverage.
REDS,nominal,256,448,4,64,area,neural_sensor,SPANF2025_patch,30,1.0,1.0,1.0,1.0,1.0,1.0,0.024588445160231374,0.022668138717199533,0.02654729866345771,True,Percentile source bootstrap can collapse when all repetitions have identical coverage; this is not proof of nominal coverage.
REDS,nominal,256,448,4,64,area,timing,BasicVSRpp2022_causal_memory,10,1.0,1.0,1.0,1.0,1.0,1.0,0.07334635288864916,0.05799776787925757,0.09214424941440694,True,Percentile source bootstrap can collapse when all repetitions have identical coverage; this is not proof of nominal coverage.
REDS,nominal,256,448,4,64,area,timing,BasicVSRpp2022_causal_memory_R9,10,1.0,1.0,1.0,1.0,1.0,1.0,0.07570517072002264,0.05686896644286765,0.09518895695986047,True,Percentile source bootstrap can collapse when all repetitions have identical coverage; this is not proof of nominal coverage.
REDS,nominal,256,448,4,64,area,timing,BasicVSRpp2022_causal_patch,10,1.0,1.0,1.0,1.0,1.0,1.0,0.07465588979578375,0.05852739622354612,0.0932667546439724,True,Percentile source bootstrap can collapse when all repetitions have identical coverage; this is not proof of nominal coverage.
REDS,nominal,256,448,4,64,area,timing,BasicVSRpp2022_offline_patch,10,1.0,1.0,1.0,1.0,1.0,1.0,0.09687380302915985,0.07816799825796389,0.1162493023905321,True,Percentile source bootstrap can collapse when all repetitions have identical coverage; this is not proof of nominal coverage.
REDS,nominal,256,448,4,64,area,timing,PEM_R6_fixed,10,1.0,1.0,1.0,1.0,1.0,1.0,0.03283526874069679,0.025161798989298535,0.041992609753673985,True,Percentile source bootstrap can collapse when all repetitions have identical coverage; this is not proof of nominal coverage.
REDS,nominal,256,448,4,64,area,timing,PEM_R9_TwinAudit,10,1.0,1.0,1.0,1.0,1.0,1.0,0.007964804279247041,0.006330214448554749,0.010250391455266012,True,Percentile source bootstrap can collapse when all repetitions have identical coverage; this is not proof of nominal coverage.
REDS,nominal,256,448,4,64,area,timing,PEM_greedy,10,1.0,1.0,1.0,1.0,1.0,1.0,0.4106693681306903,0.30716971952315053,0.5425912654415885,True,Percentile source bootstrap can collapse when all repetitions have identical coverage; this is not proof of nominal coverage.
REDS,nominal,256,448,4,64,area,write_kappa,PEM_R9_writek1,15,1.0,1.0,1.0,1.0,1.0,1.0,0.0067375457317545035,0.005864116332223136,0.007785465458107345,True,Percentile source bootstrap can collapse when all repetitions have identical coverage; this is not proof of nominal coverage.
REDS,nominal,256,448,4,64,area,write_kappa,PEM_R9_writek1.25,15,1.0,1.0,1.0,1.0,1.0,1.0,0.008399617862920155,0.006978528289940503,0.010066042643535934,True,Percentile source bootstrap can collapse when all repetitions have identical coverage; this is not proof of nominal coverage.
REDS,nominal,256,448,4,64,area,write_kappa,PEM_R9_writek2,15,1.0,1.0,1.0,1.0,1.0,1.0,0.008716303190342991,0.0071741974732495205,0.0104686751749953,True,Percentile source bootstrap can collapse when all repetitions have identical coverage; this is not proof of nominal coverage.
REDS,nominal,256,448,4,64,area,write_kappa,PEM_R9_writek4,15,1.0,1.0,1.0,1.0,1.0,1.0,0.00873877400157488,0.00717738788204177,0.010548571650217652,True,Percentile source bootstrap can collapse when all repetitions have identical coverage; this is not proof of nominal coverage.
REDS,nominal,256,448,4,64,area,write_kappa,PEM_R9_writek8,15,1.0,1.0,1.0,1.0,1.0,1.0,0.008739064782381432,0.007146950276062729,0.010533863477309516,True,Percentile source bootstrap can collapse when all repetitions have identical coverage; this is not proof of nominal coverage.
REDS,nominal,256,448,4,64,bicubic,bicubic,PEM_R6_fixed,15,1.0,1.0,1.0,1.0,1.0,1.0,0.036455137799241116,0.03039686488448197,0.04268300120131747,True,Percentile source bootstrap can collapse when all repetitions have identical coverage; this is not proof of nominal coverage.
REDS,nominal,256,448,4,64,bicubic,bicubic,PEM_R8_certified,15,1.0,1.0,1.0,1.0,1.0,1.0,0.009499713946987813,0.007699145755751684,0.011720280337583443,True,Percentile source bootstrap can collapse when all repetitions have identical coverage; this is not proof of nominal coverage.
REDS,nominal,256,448,4,64,bicubic,bicubic,PEM_R9_TwinAudit,15,1.0,1.0,1.0,1.0,1.0,1.0,0.008702316839316859,0.00723698653347302,0.01038073025818447,True,Percentile source bootstrap can collapse when all repetitions have identical coverage; this is not proof of nominal coverage.
REDS,nominal,256,448,4,64,bicubic,bicubic,PEM_greedy,15,1.0,1.0,1.0,1.0,1.0,1.0,0.4559009377591548,0.36766920726544583,0.5542029556069182,True,Percentile source bootstrap can collapse when all repetitions have identical coverage; this is not proof of nominal coverage.
REDS,nominal,256,448,4,64,bicubic,bicubic,PEM_uniform,15,1.0,1.0,1.0,1.0,1.0,1.0,0.015039323355632045,0.011646875474268749,0.018952479954852018,True,Percentile source bootstrap can collapse when all repetitions have identical coverage; this is not proof of nominal coverage.
REDS,nominal,256,448,8,64,area,scale8,PEM_R6_fixed,15,1.0,1.0,1.0,1.0,1.0,1.0,0.06347688941737767,0.04815178841377531,0.07971427711795108,True,Percentile source bootstrap can collapse when all repetitions have identical coverage; this is not proof of nominal coverage.
REDS,nominal,256,448,8,64,area,scale8,PEM_R8_certified,15,1.0,1.0,1.0,1.0,1.0,1.0,0.01710518215379992,0.011170349734136558,0.024386072821487952,True,Percentile source bootstrap can collapse when all repetitions have identical coverage; this is not proof of nominal coverage.
REDS,nominal,256,448,8,64,area,scale8,PEM_R9_TwinAudit,15,1.0,1.0,1.0,1.0,1.0,1.0,0.014654954045787311,0.01003332741493794,0.0205452899974529,True,Percentile source bootstrap can collapse when all repetitions have identical coverage; this is not proof of nominal coverage.
REDS,nominal,256,448,8,64,area,scale8,PEM_greedy,15,1.0,1.0,1.0,1.0,1.0,1.0,0.7307493340087334,0.5674019483095559,0.906668679588617,True,Percentile source bootstrap can collapse when all repetitions have identical coverage; this is not proof of nominal coverage.
REDS,nominal,256,448,8,64,area,scale8,PEM_uniform,15,1.0,1.0,1.0,1.0,1.0,1.0,0.024340080147811093,0.017587450911853604,0.0325057368419248,True,Percentile source bootstrap can collapse when all repetitions have identical coverage; this is not proof of nominal coverage.
REDS_train,biased_stress,256,448,4,64,area,bias_negative_control,PEM_R9_TwinAudit,15,1.0,1.0,1.0,1.0,1.0,1.0,0.0071656867681642545,0.006553956668039157,0.007787273447289876,False,Percentile source bootstrap can collapse when all repetitions have identical coverage; this is not proof of nominal coverage.
REDS_train,clean,256,448,4,64,bicubic,neural_native,BasicVSRpp2022_causal_memory,20,1.0,1.0,1.0,1.0,1.0,1.0,0.030570796551340824,0.026979533521655028,0.034232107446046246,True,Percentile source bootstrap can collapse when all repetitions have identical coverage; this is not proof of nominal coverage.
REDS_train,clean,256,448,4,64,bicubic,neural_native,BasicVSRpp2022_causal_memory_R9,20,1.0,1.0,1.0,1.0,1.0,1.0,0.03535004029028839,0.03093485397079494,0.0396337413323143,True,Percentile source bootstrap can collapse when all repetitions have identical coverage; this is not proof of nominal coverage.
REDS_train,clean,256,448,4,64,bicubic,neural_native,BasicVSRpp2022_causal_patch,20,1.0,1.0,1.0,1.0,1.0,1.0,0.029618222015720445,0.026182239893914938,0.03335145525704596,True,Percentile source bootstrap can collapse when all repetitions have identical coverage; this is not proof of nominal coverage.
REDS_train,clean,256,448,4,64,bicubic,neural_native,BasicVSRpp2022_offline_patch,20,1.0,1.0,1.0,1.0,1.0,1.0,0.0307914936925707,0.027040575676199514,0.03453419126200102,True,Percentile source bootstrap can collapse when all repetitions have identical coverage; this is not proof of nominal coverage.
REDS_train,clean,256,448,4,64,bicubic,neural_native,NanoSR2025_memory,20,1.0,1.0,1.0,1.0,1.0,1.0,0.025202744129663786,0.022313448774650746,0.028143392307632614,True,Percentile source bootstrap can collapse when all repetitions have identical coverage; this is not proof of nominal coverage.
REDS_train,clean,256,448,4,64,bicubic,neural_native,NanoSR2025_memory_R9,20,1.0,1.0,1.0,1.0,1.0,1.0,0.028248062834254205,0.024768831984486192,0.03158126216798771,True,Percentile source bootstrap can collapse when all repetitions have identical coverage; this is not proof of nominal coverage.
REDS_train,clean,256,448,4,64,bicubic,neural_native,NanoSR2025_patch,20,1.0,1.0,1.0,1.0,1.0,1.0,0.02300718243032503,0.020014792088947752,0.025929864842632194,True,Percentile source bootstrap can collapse when all repetitions have identical coverage; this is not proof of nominal coverage.
REDS_train,clean,256,448,4,64,bicubic,neural_native,PEM_R6_fixed,20,1.0,1.0,1.0,1.0,1.0,1.0,0.03466099621544982,0.030715624883996387,0.03865620625764902,True,Percentile source bootstrap can collapse when all repetitions have identical coverage; this is not proof of nominal coverage.
REDS_train,clean,256,448,4,64,bicubic,neural_native,PEM_R9_TwinAudit,20,1.0,1.0,1.0,1.0,1.0,1.0,0.007986868081940069,0.007227060682715247,0.008800739541475124,True,Percentile source bootstrap can collapse when all repetitions have identical coverage; this is not proof of nominal coverage.
REDS_train,clean,256,448,4,64,bicubic,neural_native,PEM_uniform,20,1.0,1.0,1.0,1.0,1.0,1.0,0.013508881593952356,0.011725217078257947,0.01525138762838341,True,Percentile source bootstrap can collapse when all repetitions have identical coverage; this is not proof of nominal coverage.
REDS_train,clean,256,448,4,64,bicubic,neural_native,SCMSR2025_memory,20,1.0,1.0,1.0,1.0,1.0,1.0,0.02498935728806668,0.022224534708111053,0.02773294886594336,True,Percentile source bootstrap can collapse when all repetitions have identical coverage; this is not proof of nominal coverage.
REDS_train,clean,256,448,4,64,bicubic,neural_native,SCMSR2025_memory_R9,20,1.0,1.0,1.0,1.0,1.0,1.0,0.028154392256045723,0.024759831277783306,0.031526613468719114,True,Percentile source bootstrap can collapse when all repetitions have identical coverage; this is not proof of nominal coverage.
REDS_train,clean,256,448,4,64,bicubic,neural_native,SCMSR2025_patch,20,1.0,1.0,1.0,1.0,1.0,1.0,0.022692379666810474,0.019927529702298937,0.02539619469672801,True,Percentile source bootstrap can collapse when all repetitions have identical coverage; this is not proof of nominal coverage.
REDS_train,clean,256,448,4,64,bicubic,neural_native,SPANF2025_memory,20,1.0,1.0,1.0,1.0,1.0,1.0,0.024424032287387785,0.021612701799317277,0.027238908260788088,True,Percentile source bootstrap can collapse when all repetitions have identical coverage; this is not proof of nominal coverage.
REDS_train,clean,256,448,4,64,bicubic,neural_native,SPANF2025_memory_R9,20,1.0,1.0,1.0,1.0,1.0,1.0,0.02729289425053606,0.024022297456948942,0.030463048678943155,True,Percentile source bootstrap can collapse when all repetitions have identical coverage; this is not proof of nominal coverage.
REDS_train,clean,256,448,4,64,bicubic,neural_native,SPANF2025_patch,20,1.0,1.0,1.0,1.0,1.0,1.0,0.021890216341715542,0.019154057516776915,0.024757412530220565,True,Percentile source bootstrap can collapse when all repetitions have identical coverage; this is not proof of nominal coverage.
REDS_train,nominal,256,448,4,64,area,certificate,PEM_R9_cert1.05,15,1.0,1.0,1.0,1.0,1.0,1.0,0.0051957178335902245,0.005109863252307227,0.005289586254330876,True,Percentile source bootstrap can collapse when all repetitions have identical coverage; this is not proof of nominal coverage.
REDS_train,nominal,256,448,4,64,area,certificate,PEM_R9_cert1.25,15,1.0,1.0,1.0,1.0,1.0,1.0,0.005448953245357214,0.005303932940845376,0.005608232511974475,True,Percentile source bootstrap can collapse when all repetitions have identical coverage; this is not proof of nominal coverage.
REDS_train,nominal,256,448,4,64,area,certificate,PEM_R9_cert1.5,15,1.0,1.0,1.0,1.0,1.0,1.0,0.005823592886814563,0.005557723601257387,0.006097289584664502,True,Percentile source bootstrap can collapse when all repetitions have identical coverage; this is not proof of nominal coverage.
REDS_train,nominal,256,448,4,64,area,certificate,PEM_R9_cert2,15,1.0,1.0,1.0,1.0,1.0,1.0,0.006612119053552846,0.006154648945961994,0.007097101384382513,True,Percentile source bootstrap can collapse when all repetitions have identical coverage; this is not proof of nominal coverage.
REDS_train,nominal,256,448,4,64,area,certificate,PEM_R9_cert4,15,1.0,1.0,1.0,1.0,1.0,1.0,0.010028680999319247,0.008875615138467168,0.011226007547123823,True,Percentile source bootstrap can collapse when all repetitions have identical coverage; this is not proof of nominal coverage.
REDS_train,nominal,256,448,4,64,area,kappa,PEM_R9_k1,15,1.0,1.0,1.0,1.0,1.0,1.0,0.006012247863320715,0.0057044270645283,0.006326214637907187,True,Percentile source bootstrap can collapse when all repetitions have identical coverage; this is not proof of nominal coverage.
REDS_train,nominal,256,448,4,64,area,kappa,PEM_R9_k2,15,1.0,1.0,1.0,1.0,1.0,1.0,0.00747895557128848,0.006828883743256806,0.008170885715735373,True,Percentile source bootstrap can collapse when all repetitions have identical coverage; this is not proof of nominal coverage.
REDS_train,nominal,256,448,4,64,area,kappa,PEM_R9_k4,15,1.0,1.0,1.0,1.0,1.0,1.0,0.008067222173003078,0.0072630337198350825,0.008864308953740718,True,Percentile source bootstrap can collapse when all repetitions have identical coverage; this is not proof of nominal coverage.
REDS_train,nominal,256,448,4,64,area,kappa,PEM_R9_k8,15,1.0,1.0,1.0,1.0,1.0,1.0,0.00812470431593522,0.007340015790561019,0.008943097567239336,True,Percentile source bootstrap can collapse when all repetitions have identical coverage; this is not proof of nominal coverage.
REDS_train,nominal,256,448,4,64,area,neural_sensor,BasicVSRpp2022_causal_memory,20,1.0,1.0,1.0,1.0,1.0,1.0,0.07160247537381371,0.06159978552479029,0.08176608823917055,True,Percentile source bootstrap can collapse when all repetitions have identical coverage; this is not proof of nominal coverage.
REDS_train,nominal,256,448,4,64,area,neural_sensor,BasicVSRpp2022_causal_memory_R9,20,1.0,1.0,1.0,1.0,1.0,1.0,0.07311390572323435,0.061937778060279496,0.08428477475595468,True,Percentile source bootstrap can collapse when all repetitions have identical coverage; this is not proof of nominal coverage.
REDS_train,nominal,256,448,4,64,area,neural_sensor,BasicVSRpp2022_causal_patch,20,1.0,1.0,1.0,1.0,1.0,1.0,0.07333916572333059,0.0636954325505239,0.08353172826675274,True,Percentile source bootstrap can collapse when all repetitions have identical coverage; this is not proof of nominal coverage.
REDS_train,nominal,256,448,4,64,area,neural_sensor,BasicVSRpp2022_offline_patch,20,1.0,1.0,1.0,1.0,1.0,1.0,0.0985943020954013,0.08619596277084393,0.11055148169358803,True,Percentile source bootstrap can collapse when all repetitions have identical coverage; this is not proof of nominal coverage.
REDS_train,nominal,256,448,4,64,area,neural_sensor,NanoSR2025_memory,20,1.0,1.0,1.0,1.0,1.0,1.0,0.03027478573104401,0.026671524968996687,0.03386553783488358,True,Percentile source bootstrap can collapse when all repetitions have identical coverage; this is not proof of nominal coverage.
REDS_train,nominal,256,448,4,64,area,neural_sensor,NanoSR2025_memory_R9,20,1.0,1.0,1.0,1.0,1.0,1.0,0.03336750363329396,0.02917655775372863,0.037455780642303024,True,Percentile source bootstrap can collapse when all repetitions have identical coverage; this is not proof of nominal coverage.
REDS_train,nominal,256,448,4,64,area,neural_sensor,NanoSR2025_patch,20,1.0,1.0,1.0,1.0,1.0,1.0,0.028862066388834217,0.025105614201691752,0.03256309811830526,True,Percentile source bootstrap can collapse when all repetitions have identical coverage; this is not proof of nominal coverage.
REDS_train,nominal,256,448,4,64,area,neural_sensor,PEM_R6_fixed,20,1.0,1.0,1.0,1.0,1.0,1.0,0.033663753882056724,0.029848489216039217,0.03732150949644967,True,Percentile source bootstrap can collapse when all repetitions have identical coverage; this is not proof of nominal coverage.
REDS_train,nominal,256,448,4,64,area,neural_sensor,PEM_R9_TwinAudit,20,1.0,1.0,1.0,1.0,1.0,1.0,0.007826107724379455,0.0071228407475709705,0.00856179267258306,True,Percentile source bootstrap can collapse when all repetitions have identical coverage; this is not proof of nominal coverage.
REDS_train,nominal,256,448,4,64,area,neural_sensor,PEM_uniform,20,1.0,1.0,1.0,1.0,1.0,1.0,0.01347461821243846,0.011841805455249117,0.015129414525936642,True,Percentile source bootstrap can collapse when all repetitions have identical coverage; this is not proof of nominal coverage.
REDS_train,nominal,256,448,4,64,area,neural_sensor,SCMSR2025_memory,20,1.0,1.0,1.0,1.0,1.0,1.0,0.03329666297593895,0.029233438747938153,0.03723421408933719,True,Percentile source bootstrap can collapse when all repetitions have identical coverage; this is not proof of nominal coverage.
REDS_train,nominal,256,448,4,64,area,neural_sensor,SCMSR2025_memory_R9,20,1.0,1.0,1.0,1.0,1.0,1.0,0.035951177790285796,0.03126439061308142,0.04061019282227677,True,Percentile source bootstrap can collapse when all repetitions have identical coverage; this is not proof of nominal coverage.
REDS_train,nominal,256,448,4,64,area,neural_sensor,SCMSR2025_patch,20,1.0,1.0,1.0,1.0,1.0,1.0,0.03215030414917944,0.027939217646028965,0.036240963982367994,True,Percentile source bootstrap can collapse when all repetitions have identical coverage; this is not proof of nominal coverage.
REDS_train,nominal,256,448,4,64,area,neural_sensor,SPANF2025_memory,20,1.0,1.0,1.0,1.0,1.0,1.0,0.02775754437352652,0.02449187476128523,0.030859679933181672,True,Percentile source bootstrap can collapse when all repetitions have identical coverage; this is not proof of nominal coverage.
REDS_train,nominal,256,448,4,64,area,neural_sensor,SPANF2025_memory_R9,20,1.0,1.0,1.0,1.0,1.0,1.0,0.030698400526538862,0.02698873945245793,0.034328222409562445,True,Percentile source bootstrap can collapse when all repetitions have identical coverage; this is not proof of nominal coverage.
REDS_train,nominal,256,448,4,64,area,neural_sensor,SPANF2025_patch,20,1.0,1.0,1.0,1.0,1.0,1.0,0.02574342186789192,0.022497559288664377,0.02899917426901396,True,Percentile source bootstrap can collapse when all repetitions have identical coverage; this is not proof of nominal coverage.
REDS_train,nominal,256,448,4,64,area,reds_train_detail,PEM_R6_fixed,60,1.0,1.0,1.0,1.0,1.0,1.0,0.03357237738506009,0.03153980692513552,0.03558138894576864,True,Percentile source bootstrap can collapse when all repetitions have identical coverage; this is not proof of nominal coverage.
REDS_train,nominal,256,448,4,64,area,reds_train_detail,PEM_R8_certified,60,1.0,1.0,1.0,1.0,1.0,1.0,0.008285967082765506,0.007778165170338819,0.008804240834703684,True,Percentile source bootstrap can collapse when all repetitions have identical coverage; this is not proof of nominal coverage.
REDS_train,nominal,256,448,4,64,area,reds_train_detail,PEM_R9_TwinAudit,60,1.0,1.0,1.0,1.0,1.0,1.0,0.007792051931493662,0.007382187852806869,0.008229702541918604,True,Percentile source bootstrap can collapse when all repetitions have identical coverage; this is not proof of nominal coverage.
REDS_train,nominal,256,448,4,64,area,reds_train_detail,PEM_R9_dual_fixed,60,1.0,1.0,1.0,1.0,1.0,1.0,0.008444788051881464,0.00790862623407741,0.008988130157399233,True,Percentile source bootstrap can collapse when all repetitions have identical coverage; this is not proof of nominal coverage.
REDS_train,nominal,256,448,4,64,area,reds_train_detail,PEM_audit_only,60,1.0,1.0,1.0,1.0,1.0,1.0,0.006103665824557566,0.005908431148175878,0.006319858000574495,True,Percentile source bootstrap can collapse when all repetitions have identical coverage; this is not proof of nominal coverage.
REDS_train,nominal,256,448,4,64,area,reds_train_detail,PEM_greedy,60,1.0,1.0,1.0,1.0,1.0,1.0,0.41189681385731447,0.383382926351856,0.4388737364454959,True,Percentile source bootstrap can collapse when all repetitions have identical coverage; this is not proof of nominal coverage.
REDS_train,nominal,256,448,4,64,area,reds_train_detail,PEM_risk_only,60,1.0,1.0,1.0,1.0,1.0,1.0,0.012657295665627429,0.01159678265987064,0.013736262672505538,True,Percentile source bootstrap can collapse when all repetitions have identical coverage; this is not proof of nominal coverage.
REDS_train,nominal,256,448,4,64,area,reds_train_detail,PEM_softmax,60,1.0,1.0,1.0,1.0,1.0,1.0,0.08831377190736014,0.07785883793668652,0.09844312642443734,True,Percentile source bootstrap can collapse when all repetitions have identical coverage; this is not proof of nominal coverage.
REDS_train,nominal,256,448,4,64,area,reds_train_detail,PEM_uniform,60,1.0,1.0,1.0,1.0,1.0,1.0,0.013317759761697873,0.0123390124747873,0.014296918096893216,True,Percentile source bootstrap can collapse when all repetitions have identical coverage; this is not proof of nominal coverage.
REDS_train,nominal,256,448,4,64,area,reds_train_detail,PPAT2026_M1,60,1.0,1.0,1.0,1.0,1.0,1.0,0.0064843349377609666,0.006231555974653893,0.006753008371447538,True,Percentile source bootstrap can collapse when all repetitions have identical coverage; this is not proof of nominal coverage.
REDS_train,nominal,256,448,4,64,area,reds_train_full,PEM_R6_fixed,240,1.0,1.0,1.0,1.0,1.0,1.0,0.03420954941867332,0.03299128614811316,0.035428271528205636,True,Percentile source bootstrap can collapse when all repetitions have identical coverage; this is not proof of nominal coverage.
REDS_train,nominal,256,448,4,64,area,reds_train_full,PEM_R9_TwinAudit,240,1.0,1.0,1.0,1.0,1.0,1.0,0.007742143435883771,0.007517512024804261,0.007970662506900218,True,Percentile source bootstrap can collapse when all repetitions have identical coverage; this is not proof of nominal coverage.
REDS_train,nominal,256,448,4,64,area,reds_train_full,PEM_greedy,240,1.0,1.0,1.0,1.0,1.0,1.0,0.41781807939866983,0.4011889992091867,0.43492567493244594,True,Percentile source bootstrap can collapse when all repetitions have identical coverage; this is not proof of nominal coverage.
REDS_train,nominal,256,448,4,64,area,reds_train_full,PPAT2026_M1,240,1.0,1.0,1.0,1.0,1.0,1.0,0.00644699431231881,0.006304888460891125,0.006592217244713635,True,Percentile source bootstrap can collapse when all repetitions have identical coverage; this is not proof of nominal coverage.
REDS_train,nominal,256,448,4,64,area,write_kappa,PEM_R9_writek1,15,1.0,1.0,1.0,1.0,1.0,1.0,0.0060091217321991625,0.00568490226405616,0.00634468736652576,True,Percentile source bootstrap can collapse when all repetitions have identical coverage; this is not proof of nominal coverage.
REDS_train,nominal,256,448,4,64,area,write_kappa,PEM_R9_writek1.25,15,1.0,1.0,1.0,1.0,1.0,1.0,0.007265303435691947,0.006638560861986086,0.007879546420924718,True,Percentile source bootstrap can collapse when all repetitions have identical coverage; this is not proof of nominal coverage.
REDS_train,nominal,256,448,4,64,area,write_kappa,PEM_R9_writek2,15,1.0,1.0,1.0,1.0,1.0,1.0,0.00747895557128848,0.00679834268068366,0.00814147590498791,True,Percentile source bootstrap can collapse when all repetitions have identical coverage; this is not proof of nominal coverage.
REDS_train,nominal,256,448,4,64,area,write_kappa,PEM_R9_writek4,15,1.0,1.0,1.0,1.0,1.0,1.0,0.007498514559181802,0.006839410559458354,0.008168459457044235,True,Percentile source bootstrap can collapse when all repetitions have identical coverage; this is not proof of nominal coverage.
REDS_train,nominal,256,448,4,64,area,write_kappa,PEM_R9_writek8,15,1.0,1.0,1.0,1.0,1.0,1.0,0.007498516731491346,0.006824326093658798,0.008183504439495764,True,Percentile source bootstrap can collapse when all repetitions have identical coverage; this is not proof of nominal coverage.
REDS_train,nominal,256,448,4,64,bicubic,bicubic,PEM_R6_fixed,15,1.0,1.0,1.0,1.0,1.0,1.0,0.03252881750241635,0.028657979518196253,0.03595002820645757,True,Percentile source bootstrap can collapse when all repetitions have identical coverage; this is not proof of nominal coverage.
REDS_train,nominal,256,448,4,64,bicubic,bicubic,PEM_R8_certified,15,1.0,1.0,1.0,1.0,1.0,1.0,0.007857704645660681,0.007107908803436322,0.008636552401256617,True,Percentile source bootstrap can collapse when all repetitions have identical coverage; this is not proof of nominal coverage.
REDS_train,nominal,256,448,4,64,bicubic,bicubic,PEM_R9_TwinAudit,15,1.0,1.0,1.0,1.0,1.0,1.0,0.007480031916318749,0.006832621209314799,0.008137174959593547,True,Percentile source bootstrap can collapse when all repetitions have identical coverage; this is not proof of nominal coverage.
REDS_train,nominal,256,448,4,64,bicubic,bicubic,PEM_greedy,15,1.0,1.0,1.0,1.0,1.0,1.0,0.38802964705252285,0.3354875204999698,0.43319698679487845,True,Percentile source bootstrap can collapse when all repetitions have identical coverage; this is not proof of nominal coverage.
REDS_train,nominal,256,448,4,64,bicubic,bicubic,PEM_uniform,15,1.0,1.0,1.0,1.0,1.0,1.0,0.012843551419479241,0.011150272070749045,0.014570363725132277,True,Percentile source bootstrap can collapse when all repetitions have identical coverage; this is not proof of nominal coverage.
REDS_train,nominal,256,448,8,64,area,scale8,PEM_R6_fixed,15,1.0,1.0,1.0,1.0,1.0,1.0,0.05532044148420902,0.04590038358393437,0.06480387264962648,True,Percentile source bootstrap can collapse when all repetitions have identical coverage; this is not proof of nominal coverage.
REDS_train,nominal,256,448,8,64,area,scale8,PEM_R8_certified,15,1.0,1.0,1.0,1.0,1.0,1.0,0.013871344346735256,0.010791747943380493,0.017312525314111437,True,Percentile source bootstrap can collapse when all repetitions have identical coverage; this is not proof of nominal coverage.
REDS_train,nominal,256,448,8,64,area,scale8,PEM_R9_TwinAudit,15,1.0,1.0,1.0,1.0,1.0,1.0,0.01187179039120934,0.009647598371994864,0.014256381350004448,True,Percentile source bootstrap can collapse when all repetitions have identical coverage; this is not proof of nominal coverage.
REDS_train,nominal,256,448,8,64,area,scale8,PEM_greedy,15,1.0,1.0,1.0,1.0,1.0,1.0,0.6586521262566765,0.5530311226020818,0.762027698353567,True,Percentile source bootstrap can collapse when all repetitions have identical coverage; this is not proof of nominal coverage.
REDS_train,nominal,256,448,8,64,area,scale8,PEM_uniform,15,1.0,1.0,1.0,1.0,1.0,1.0,0.0211029803535433,0.016977795938155252,0.0254390477883329,True,Percentile source bootstrap can collapse when all repetitions have identical coverage; this is not proof of nominal coverage.
