dataset,regime,height,width,factor,fovea,preview_kernel,study,comparator,source_clusters,reduction_pct,ci_low,ci_high,paired_p,holm_p,evidence_scope
DAVIS,biased_stress,256,448,4,64,area,bias_negative_control,ipw,15,70.27664713025348,49.86962970848157,74.23614101181069,0.0002999850007499625,0.0143992800359982,NATURAL VIDEO WITH SIMULATED SENSING
DAVIS,biased_stress,256,448,4,64,area,bias_negative_control,energy,15,-29.693132512710775,-72.47055231186572,-9.388487305051237,0.0023498825058747065,0.08694565271736414,NATURAL VIDEO WITH SIMULATED SENSING
DAVIS,biased_stress,256,448,4,64,area,bias_negative_control,learned,15,8.71898979278165,1.193859143013673,19.51090137314519,0.05024748762561872,1.0,NATURAL VIDEO WITH SIMULATED SENSING
DAVIS,biased_stress,256,448,4,64,area,bias_negative_control,ppat,15,82.03463472064306,74.54187816163773,86.12709212698901,0.00014999250037498125,0.008699565021748913,NATURAL VIDEO WITH SIMULATED SENSING
DAVIS,clean,256,448,4,64,bicubic,neural_native,ipw,10,79.74155930492316,78.21465522874846,80.24778379394826,0.001953125,0.0859375,NATURAL VIDEO WITH SIMULATED SENSING
DAVIS,clean,256,448,4,64,bicubic,neural_native,energy,10,-127.44195899503498,-175.3192465477635,17.41369605614931,0.44140625,1.0,NATURAL VIDEO WITH SIMULATED SENSING
DAVIS,clean,256,448,4,64,bicubic,neural_native,learned,10,24.493868909604966,-0.18552520750796775,31.216416481798635,0.224609375,1.0,NATURAL VIDEO WITH SIMULATED SENSING
DAVIS,clean,256,448,4,64,bicubic,neural_native,ppat,10,87.79803553334385,82.7497057434649,93.87042576059223,0.001953125,0.0859375,NATURAL VIDEO WITH SIMULATED SENSING
DAVIS,drift,256,448,4,64,area,main,ipw,40,63.74141824236374,55.819917691593915,68.45578259921949,4.999750012499375e-05,0.00439978001099945,NATURAL VIDEO WITH SIMULATED SENSING
DAVIS,drift,256,448,4,64,area,main,energy,40,-21.310358154453834,-45.42036951591913,-4.304550296472296,0.013349332533373332,0.44052797360131996,NATURAL VIDEO WITH SIMULATED SENSING
DAVIS,drift,256,448,4,64,area,main,learned,40,4.846202974527758,1.7619380151439488,8.249206097488205,4.999750012499375e-05,0.00439978001099945,NATURAL VIDEO WITH SIMULATED SENSING
DAVIS,drift,256,448,4,64,area,main,ppat,40,81.44419809125898,74.5673569723928,85.87835370172095,4.999750012499375e-05,0.00439978001099945,NATURAL VIDEO WITH SIMULATED SENSING
DAVIS,nominal,256,448,4,64,area,main,ipw,40,70.00862126837617,59.16568716911966,76.91770419427056,4.999750012499375e-05,0.00439978001099945,NATURAL VIDEO WITH SIMULATED SENSING
DAVIS,nominal,256,448,4,64,area,main,energy,40,-47.33972622598912,-76.01020122762938,-16.836121446344254,0.00014999250037498125,0.008699565021748913,NATURAL VIDEO WITH SIMULATED SENSING
DAVIS,nominal,256,448,4,64,area,main,learned,40,8.457280691360737,2.953090099462391,11.398289647570474,9.99950002499875e-05,0.0063996800159992,NATURAL VIDEO WITH SIMULATED SENSING
DAVIS,nominal,256,448,4,64,area,main,ppat,40,84.9381811208704,77.26901607586775,90.29199634574431,4.999750012499375e-05,0.00439978001099945,NATURAL VIDEO WITH SIMULATED SENSING
DAVIS,nominal,256,448,4,64,area,neural_sensor,ipw,10,79.87160317540905,61.224818575894716,84.48973425576177,0.001953125,0.0859375,NATURAL VIDEO WITH SIMULATED SENSING
DAVIS,nominal,256,448,4,64,area,neural_sensor,energy,10,-67.00970836919021,-96.42081536374951,-0.8955441628087885,0.142578125,1.0,NATURAL VIDEO WITH SIMULATED SENSING
DAVIS,nominal,256,448,4,64,area,neural_sensor,learned,10,11.748123357979356,0.8269619644864614,15.89734982193798,0.111328125,1.0,NATURAL VIDEO WITH SIMULATED SENSING
DAVIS,nominal,256,448,4,64,area,neural_sensor,ppat,10,87.77621835406974,83.21667897434354,91.99923716738006,0.001953125,0.0859375,NATURAL VIDEO WITH SIMULATED SENSING
DAVIS,nominal,256,448,4,64,bicubic,bicubic,ipw,15,79.5799194360544,69.64896547788014,82.39538930511071,0.0002999850007499625,0.0143992800359982,NATURAL VIDEO WITH SIMULATED SENSING
DAVIS,nominal,256,448,4,64,bicubic,bicubic,energy,15,-53.37658270862602,-88.76401095434304,12.468263757096652,0.23858807059647016,1.0,NATURAL VIDEO WITH SIMULATED SENSING
DAVIS,nominal,256,448,4,64,bicubic,bicubic,learned,15,8.627550335702006,0.43555605697954775,10.608934829178542,0.11069446527673617,1.0,NATURAL VIDEO WITH SIMULATED SENSING
DAVIS,nominal,256,448,4,64,bicubic,bicubic,ppat,15,88.09180617625549,83.5270782312097,90.87584977685513,0.00014999250037498125,0.008699565021748913,NATURAL VIDEO WITH SIMULATED SENSING
DAVIS,nominal,256,448,8,64,area,scale8,ipw,15,50.024383805988016,-19.394237882063457,62.49447247439786,0.2887355632218389,1.0,NATURAL VIDEO WITH SIMULATED SENSING
DAVIS,nominal,256,448,8,64,area,scale8,energy,15,-50.97810385138564,-72.99345266039775,-9.848109853940278,0.001399930003499825,0.06299685015749212,NATURAL VIDEO WITH SIMULATED SENSING
DAVIS,nominal,256,448,8,64,area,scale8,learned,15,32.48681054960508,10.709196043273046,45.83185310488153,0.00014999250037498125,0.008699565021748913,NATURAL VIDEO WITH SIMULATED SENSING
DAVIS,nominal,256,448,8,64,area,scale8,ppat,15,56.14968691407143,48.81852790979985,71.92016909380499,0.00014999250037498125,0.008699565021748913,NATURAL VIDEO WITH SIMULATED SENSING
REDS,biased_stress,256,448,4,64,area,bias_negative_control,ipw,15,59.04989242547778,53.926749301832665,64.41384321182538,4.999750012499375e-05,0.00439978001099945,NATURAL VIDEO WITH SIMULATED SENSING
REDS,biased_stress,256,448,4,64,area,bias_negative_control,energy,15,-22.29194044991769,-35.24779262261755,0.8392949192489287,0.14134293285335733,1.0,NATURAL VIDEO WITH SIMULATED SENSING
REDS,biased_stress,256,448,4,64,area,bias_negative_control,learned,15,5.40090336236041,0.5538508180890767,7.257539160456073,0.09649517524123793,1.0,NATURAL VIDEO WITH SIMULATED SENSING
REDS,biased_stress,256,448,4,64,area,bias_negative_control,ppat,15,68.18557097794947,61.89132399372943,78.86319096990947,9.99950002499875e-05,0.0063996800159992,NATURAL VIDEO WITH SIMULATED SENSING
REDS,clean,256,448,4,64,bicubic,neural_native,ipw,30,70.839938279481,68.90319799433824,74.8097772809269,4.999750012499375e-05,0.00439978001099945,NATURAL VIDEO WITH SIMULATED SENSING
REDS,clean,256,448,4,64,bicubic,neural_native,energy,30,-1.3192893574360598,-12.88269818920722,12.789819341312608,0.9232038398080096,1.0,NATURAL VIDEO WITH SIMULATED SENSING
REDS,clean,256,448,4,64,bicubic,neural_native,learned,30,0.7311497738421546,-0.27845319971942895,1.8243331176690503,0.3449827508624569,1.0,NATURAL VIDEO WITH SIMULATED SENSING
REDS,clean,256,448,4,64,bicubic,neural_native,ppat,30,79.5235903271034,74.96923425835553,85.99261834095336,4.999750012499375e-05,0.00439978001099945,NATURAL VIDEO WITH SIMULATED SENSING
REDS,drift,256,448,4,64,area,main,ipw,30,57.77910825248716,54.008499201639054,62.79606233992809,4.999750012499375e-05,0.00439978001099945,NATURAL VIDEO WITH SIMULATED SENSING
REDS,drift,256,448,4,64,area,main,energy,30,-17.621366083409164,-27.483094638187964,-4.2798402687252945,0.016199190040497975,0.5183740812959352,NATURAL VIDEO WITH SIMULATED SENSING
REDS,drift,256,448,4,64,area,main,learned,30,4.040775464419055,1.1337992687696485,6.406243706382565,0.00034998250087495624,0.016099195040247986,NATURAL VIDEO WITH SIMULATED SENSING
REDS,drift,256,448,4,64,area,main,ppat,30,74.98614523437908,68.42231708558761,82.41195352142492,4.999750012499375e-05,0.00439978001099945,NATURAL VIDEO WITH SIMULATED SENSING
REDS,nominal,256,448,4,64,area,main,ipw,30,58.655244523391616,53.76195651596998,66.65141094614623,4.999750012499375e-05,0.00439978001099945,NATURAL VIDEO WITH SIMULATED SENSING
REDS,nominal,256,448,4,64,area,main,energy,30,-17.6594032803957,-28.749820869428262,-1.9214265183524424,0.0663966801659917,1.0,NATURAL VIDEO WITH SIMULATED SENSING
REDS,nominal,256,448,4,64,area,main,learned,30,3.294879942089679,0.33065175593783935,4.5867180450375695,0.045297735113244336,1.0,NATURAL VIDEO WITH SIMULATED SENSING
REDS,nominal,256,448,4,64,area,main,ppat,30,75.4618886709944,68.14938219223224,84.18704165012436,4.999750012499375e-05,0.00439978001099945,NATURAL VIDEO WITH SIMULATED SENSING
REDS,nominal,256,448,4,64,area,neural_sensor,ipw,30,58.379841626747876,54.016165599695945,67.08529261711128,4.999750012499375e-05,0.00439978001099945,NATURAL VIDEO WITH SIMULATED SENSING
REDS,nominal,256,448,4,64,area,neural_sensor,energy,30,-19.64577297827097,-32.79716166966927,-1.5181411177658932,0.08004599770011499,1.0,NATURAL VIDEO WITH SIMULATED SENSING
REDS,nominal,256,448,4,64,area,neural_sensor,learned,30,2.5696232471843494,-0.017407651790928857,3.5292626133249425,0.15099245037748113,1.0,NATURAL VIDEO WITH SIMULATED SENSING
REDS,nominal,256,448,4,64,area,neural_sensor,ppat,30,75.56725397055257,67.64761035880075,84.7097176376065,4.999750012499375e-05,0.00439978001099945,NATURAL VIDEO WITH SIMULATED SENSING
REDS,nominal,256,448,4,64,area,timing,ipw,10,58.17119630002217,51.95337888465885,73.97265517275619,0.001953125,0.0859375,NATURAL VIDEO WITH SIMULATED SENSING
REDS,nominal,256,448,4,64,area,timing,energy,10,-34.60127226879639,-49.27169914678413,7.540284954270987,0.509765625,1.0,NATURAL VIDEO WITH SIMULATED SENSING
REDS,nominal,256,448,4,64,area,timing,learned,10,2.813133663284062,-0.8183384943695032,3.6193908089260454,0.4296875,1.0,NATURAL VIDEO WITH SIMULATED SENSING
REDS,nominal,256,448,4,64,area,timing,ppat,10,69.2442534882552,58.8104353265184,86.76257205233144,0.001953125,0.0859375,NATURAL VIDEO WITH SIMULATED SENSING
REDS,nominal,256,448,4,64,bicubic,bicubic,ipw,15,70.598717987945,68.89606581770194,74.08184707951703,4.999750012499375e-05,0.00439978001099945,NATURAL VIDEO WITH SIMULATED SENSING
REDS,nominal,256,448,4,64,bicubic,bicubic,energy,15,-4.2863058482616845,-18.498432427816386,9.513336029210317,0.5849707514624268,1.0,NATURAL VIDEO WITH SIMULATED SENSING
REDS,nominal,256,448,4,64,bicubic,bicubic,learned,15,1.1455803540680876,-0.26299248372211204,2.3931596894488987,0.2808359582020899,1.0,NATURAL VIDEO WITH SIMULATED SENSING
REDS,nominal,256,448,4,64,bicubic,bicubic,ppat,15,77.39356540989006,70.51016221274242,86.86126400146101,9.99950002499875e-05,0.0063996800159992,NATURAL VIDEO WITH SIMULATED SENSING
REDS,nominal,256,448,8,64,area,scale8,ipw,15,-7.382699824261341,-14.830995037360127,2.560672858552692,0.19929003549822508,1.0,NATURAL VIDEO WITH SIMULATED SENSING
REDS,nominal,256,448,8,64,area,scale8,energy,15,5.436299846435089,-4.1279515884377025,11.054874103357786,0.624468776561172,1.0,NATURAL VIDEO WITH SIMULATED SENSING
REDS,nominal,256,448,8,64,area,scale8,learned,15,11.6091495471373,10.01761579674872,14.05368526422852,9.99950002499875e-05,0.0063996800159992,NATURAL VIDEO WITH SIMULATED SENSING
REDS,nominal,256,448,8,64,area,scale8,ppat,15,24.30201116599203,14.305797404288208,57.66580205880551,9.99950002499875e-05,0.0063996800159992,NATURAL VIDEO WITH SIMULATED SENSING
REDS_train,biased_stress,256,448,4,64,area,bias_negative_control,ipw,15,64.92955144207373,59.66657317442057,68.83485731862598,0.00014999250037498125,0.008699565021748913,NATURAL VIDEO WITH SIMULATED SENSING
REDS_train,biased_stress,256,448,4,64,area,bias_negative_control,energy,15,-0.9367103960936207,-8.103055337504552,5.701955557250907,0.7999600019999,1.0,NATURAL VIDEO WITH SIMULATED SENSING
REDS_train,biased_stress,256,448,4,64,area,bias_negative_control,learned,15,0.03600056718275901,-0.8979469581893346,1.496143789630864,0.984400779961002,1.0,NATURAL VIDEO WITH SIMULATED SENSING
REDS_train,biased_stress,256,448,4,64,area,bias_negative_control,ppat,15,83.66061809176344,80.1300603391163,87.20094209426956,0.00014999250037498125,0.008699565021748913,NATURAL VIDEO WITH SIMULATED SENSING
REDS_train,clean,256,448,4,64,bicubic,neural_native,ipw,20,74.77918058729075,71.62267220990138,78.94858512493533,4.999750012499375e-05,0.00439978001099945,NATURAL VIDEO WITH SIMULATED SENSING
REDS_train,clean,256,448,4,64,bicubic,neural_native,energy,20,8.12095260658674,-3.825058168700463,22.918755388748625,0.22838858057097144,1.0,NATURAL VIDEO WITH SIMULATED SENSING
REDS_train,clean,256,448,4,64,bicubic,neural_native,learned,20,-0.2031672465215406,-1.0531312396193022,0.549347458388029,0.5930203489825508,1.0,NATURAL VIDEO WITH SIMULATED SENSING
REDS_train,clean,256,448,4,64,bicubic,neural_native,ppat,20,85.99148612262779,80.84377988746388,91.01376500835198,4.999750012499375e-05,0.00439978001099945,NATURAL VIDEO WITH SIMULATED SENSING
REDS_train,nominal,256,448,4,64,area,neural_sensor,ipw,20,68.89224556432221,64.08850445313328,74.83207749094417,9.99950002499875e-05,0.0063996800159992,NATURAL VIDEO WITH SIMULATED SENSING
REDS_train,nominal,256,448,4,64,area,neural_sensor,energy,20,-6.734886643713511,-15.118959899546892,4.813209793803986,0.4539773011349433,1.0,NATURAL VIDEO WITH SIMULATED SENSING
REDS_train,nominal,256,448,4,64,area,neural_sensor,learned,20,1.6289089343294871,0.4784637110321546,2.426114877480565,0.009949502524873756,0.3382830858457077,NATURAL VIDEO WITH SIMULATED SENSING
REDS_train,nominal,256,448,4,64,area,neural_sensor,ppat,20,84.25454511447447,78.78483457417263,89.33217555215091,4.999750012499375e-05,0.00439978001099945,NATURAL VIDEO WITH SIMULATED SENSING
REDS_train,nominal,256,448,4,64,area,reds_train_detail,ipw,60,66.84435800517933,64.24372405193661,69.42085275082384,4.999750012499375e-05,0.00439978001099945,NATURAL VIDEO WITH SIMULATED SENSING
REDS_train,nominal,256,448,4,64,area,reds_train_detail,energy,60,-7.9274634111554665,-12.810387298834089,-3.0567488073895537,0.002449877506124694,0.08819559022048898,NATURAL VIDEO WITH SIMULATED SENSING
REDS_train,nominal,256,448,4,64,area,reds_train_detail,learned,60,0.6627831414860119,0.2651749266210193,1.0912670510058182,0.0028998550072496373,0.10149492525373731,NATURAL VIDEO WITH SIMULATED SENSING
REDS_train,nominal,256,448,4,64,area,reds_train_detail,ppat,60,82.1437326880512,79.34677421917789,84.85434694944873,4.999750012499375e-05,0.00439978001099945,NATURAL VIDEO WITH SIMULATED SENSING
REDS_train,nominal,256,448,4,64,area,reds_train_full,ipw,240,64.24199859530283,62.03908580010502,66.3116407153777,4.999750012499375e-05,0.00439978001099945,NATURAL VIDEO WITH SIMULATED SENSING
REDS_train,nominal,256,448,4,64,area,reds_train_full,energy,240,-8.827301701598799,-15.053902878942441,-2.873664073546187,0.002049897505124744,0.0859375,NATURAL VIDEO WITH SIMULATED SENSING
REDS_train,nominal,256,448,4,64,area,reds_train_full,learned,240,1.9982103081646274,1.0886914560294174,3.037642498659043,4.999750012499375e-05,0.00439978001099945,NATURAL VIDEO WITH SIMULATED SENSING
REDS_train,nominal,256,448,4,64,area,reds_train_full,ppat,240,80.36568812475315,78.64031311127044,82.0743389103122,4.999750012499375e-05,0.00439978001099945,NATURAL VIDEO WITH SIMULATED SENSING
REDS_train,nominal,256,448,4,64,bicubic,bicubic,ipw,15,76.66699440361204,72.22514574904122,80.2731757191787,0.000199990000499975,0.009799510024498775,NATURAL VIDEO WITH SIMULATED SENSING
REDS_train,nominal,256,448,4,64,bicubic,bicubic,energy,15,17.676143928329058,6.770569343081256,27.986491313501745,0.0287985600719964,0.8927553622318883,NATURAL VIDEO WITH SIMULATED SENSING
REDS_train,nominal,256,448,4,64,bicubic,bicubic,learned,15,0.38313650566087487,-0.88365606526146,2.5356821018246345,0.9373531323433828,1.0,NATURAL VIDEO WITH SIMULATED SENSING
REDS_train,nominal,256,448,4,64,bicubic,bicubic,ppat,15,88.23918446221121,83.75896117040185,91.98629439598953,0.00014999250037498125,0.008699565021748913,NATURAL VIDEO WITH SIMULATED SENSING
REDS_train,nominal,256,448,8,64,area,scale8,ipw,15,-1.5387907923248179,-27.24943690987603,21.350684991896376,0.9551522423878807,1.0,NATURAL VIDEO WITH SIMULATED SENSING
REDS_train,nominal,256,448,8,64,area,scale8,energy,15,0.5610337540027821,-16.63252619035357,14.179906676375317,0.9385030748462577,1.0,NATURAL VIDEO WITH SIMULATED SENSING
REDS_train,nominal,256,448,8,64,area,scale8,learned,15,12.719515698665607,8.448665267636589,17.37020420280051,0.00014999250037498125,0.008699565021748913,NATURAL VIDEO WITH SIMULATED SENSING
REDS_train,nominal,256,448,8,64,area,scale8,ppat,15,52.44928970108735,45.57708940576175,60.93521171299306,4.999750012499375e-05,0.00439978001099945,NATURAL VIDEO WITH SIMULATED SENSING
