subset,curve,baseline,baseline_pqv,curve_pqv_min,curve_pqv_max,psnr_gap_at_equal_pqv,ci_lo,ci_hi,resamples_in_curve_range,nearest_curve_point_at_or_below_pqv,its_psnr_minus_baseline,its_ci_lo,its_ci_hi
ALL,kappa,Uniform gaze,1.2558238605255566e-09,4.556048694720308e-10,1.3167433063122342e-09,0.28993883310181445,0.23487256969564427,0.3354938149430856,0.7565,κ=2,0.2572030710836266,0.20903008884551158,0.30783564542930053
ALL,kappa,Greedy gaze,4.446947055220787e-08,4.556048694720308e-10,1.3167433063122342e-09,,,,0.0,κ=4,-0.06480779731319686,-0.07903668188658867,-0.05165950072887631
ALL,kappa,"PPAT (2026), M=1",5.806579038850719e-10,4.556048694720308e-10,1.3167433063122342e-09,0.08745977274876893,0.05945393003459989,0.12201695398099675,1.0,κ=1,0.018468340153837914,-0.0047959038847354305,0.03970563867881632
ALL,kappa,Audit-only gaze,1.8786945953193366e-10,4.556048694720308e-10,1.3167433063122342e-09,,,,0.0,,,,
ALL,certificate,Uniform gaze,1.2558238605255566e-09,1.6645040910503012e-10,1.7117102671136635e-09,0.26087362741251496,0.21494187145674673,0.3091172692690455,0.9998333333333334,cκ=2.5 (selected),0.2572030710836266,0.20903008884551158,0.30783564542930053
ALL,certificate,Greedy gaze,4.446947055220787e-08,1.6645040910503012e-10,1.7117102671136635e-09,,,,0.0,cκ=4,-0.08432957390697027,-0.10275676603829594,-0.06854475212670338
ALL,certificate,"PPAT (2026), M=1",5.806579038850719e-10,1.6645040910503012e-10,1.7117102671136635e-09,0.2111463957495765,0.16933598414832723,0.25653568216617,1.0,cκ=1.5,0.1883117263609968,0.14125914520886731,0.2384006945643894
ALL,certificate,Audit-only gaze,1.8786945953193366e-10,1.6645040910503012e-10,1.7117102671136635e-09,0.08416527646149419,0.05189378637433162,0.12356990883747798,0.8751666666666666,cκ=1.05,0.06480710473537954,0.03301504098664685,0.1001735219835597
DAVIS,kappa,Uniform gaze,1.3626162089026792e-09,4.4364615829198895e-10,1.3164951780579954e-09,,,,0.49683333333333335,κ=8,0.3562540956792013,0.22928929885072707,0.4847106864513168
DAVIS,kappa,Greedy gaze,5.111565369730109e-08,4.4364615829198895e-10,1.3164951780579954e-09,,,,0.0,κ=8,-0.045104834941348315,-0.07594627532650033,-0.022638757566167646
DAVIS,kappa,"PPAT (2026), M=1",5.377368200318044e-10,4.4364615829198895e-10,1.3164951780579954e-09,0.0847470925879712,0.029369726992825473,0.17268407140527353,0.9693333333333334,κ=1,0.020745317428342958,-0.04371692041860893,0.07578056694266642
DAVIS,kappa,Audit-only gaze,1.3796597493706262e-10,4.4364615829198895e-10,1.3164951780579954e-09,,,,0.0,,,,
DAVIS,certificate,Uniform gaze,1.3626162089026792e-09,1.0784521221834967e-10,1.8527399692606954e-09,0.31037165912071174,0.20238553091997993,0.42058807832929024,0.9128333333333334,cκ=2.5 (selected),0.3126527095739675,0.19480223454224702,0.43149657699500227
DAVIS,certificate,Greedy gaze,5.111565369730109e-08,1.0784521221834967e-10,1.8527399692606954e-09,,,,0.0,cκ=4,-0.0938903546650458,-0.13063677266939538,-0.06321204474198328
DAVIS,certificate,"PPAT (2026), M=1",5.377368200318044e-10,1.0784521221834967e-10,1.8527399692606954e-09,0.23896211128320388,0.146958114484174,0.3435457551077394,1.0,cκ=1.5,0.21577750768514292,0.09740984328470459,0.33445364342979333
DAVIS,certificate,Audit-only gaze,1.3796597493706262e-10,1.0784521221834967e-10,1.8527399692606954e-09,0.15157240923272397,0.09469214727935338,0.22539671097418612,0.7835,cκ=1.05,0.10955065613683601,0.036377127652337915,0.18602050686665766
REDS,kappa,Uniform gaze,1.9889451044734324e-09,7.595063042584497e-10,2.1491121237009626e-09,0.26295183747006945,0.19994294856782613,0.3180724380387394,0.9885,κ=2,0.23459896040505868,0.17418767818724507,0.29686402684550933
REDS,kappa,Greedy gaze,6.567737047393586e-08,7.595063042584497e-10,2.1491121237009626e-09,,,,0.0,κ=4,-0.06310746877005968,-0.08529299630303644,-0.04261901963647335
REDS,kappa,"PPAT (2026), M=1",9.583785183460224e-10,7.595063042584497e-10,2.1491121237009626e-09,0.07395865395267265,0.04319051085392474,0.10631674126194941,0.9998333333333334,κ=1,0.01207192680470115,-0.008450594737578322,0.03515164869918561
REDS,kappa,Audit-only gaze,3.30248852123417e-10,7.595063042584497e-10,2.1491121237009626e-09,,,,0.0,,,,
REDS,certificate,Uniform gaze,1.9889451044734324e-09,3.2495197704264633e-10,2.6088375948135146e-09,0.24216240846785553,0.18108725157215302,0.30120228623135115,1.0,cκ=2.5 (selected),0.23459896040505868,0.17418767818724507,0.29686402684550933
REDS,certificate,Greedy gaze,6.567737047393586e-08,3.2495197704264633e-10,2.6088375948135146e-09,,,,0.0,cκ=4,-0.07817647164229413,-0.10515646470021425,-0.05551556674997418
REDS,certificate,"PPAT (2026), M=1",9.583785183460224e-10,3.2495197704264633e-10,2.6088375948135146e-09,0.19552492431848023,0.14846723637026918,0.24522581645662683,1.0,cκ=1.5,0.16467699568550387,0.12051070511086773,0.21460308839350706
REDS,certificate,Audit-only gaze,3.30248852123417e-10,3.2495197704264633e-10,2.6088375948135146e-09,0.04683487726599367,0.020093203089526668,0.08579622479525284,0.6001666666666666,cκ=1.05,0.04502679910122964,0.011859800143015064,0.07894802069454547
REDS_train,kappa,Uniform gaze,4.159102682005588e-10,1.6366214586565374e-10,4.906093791189243e-10,0.2327305749787456,0.18347859078574916,0.2865807924087669,0.9583333333333334,κ=2,0.2243575432718572,0.1702892495523476,0.2828876089545845
REDS_train,kappa,Greedy gaze,1.6615387485386627e-08,1.6366214586565374e-10,4.906093791189243e-10,,,,0.0,κ=4,-0.06722010899906294,-0.09152533691388527,-0.04514085156656674
REDS_train,kappa,"PPAT (2026), M=1",2.458583732773889e-10,1.6366214586565374e-10,4.906093791189243e-10,0.12046104485230913,0.07791852843536899,0.18166464347135047,1.0,κ=1,0.02258777622843411,0.00652345456114487,0.04075886677293486
REDS_train,kappa,Audit-only gaze,9.53935515353213e-11,1.6366214586565374e-10,4.906093791189243e-10,,,,0.0,,,,
REDS_train,certificate,Uniform gaze,4.159102682005588e-10,6.655403805409443e-11,6.735532372667797e-10,0.22572131719725164,0.17427780989465305,0.2793990512798139,1.0,cκ=2.5 (selected),0.2243575432718572,0.1702892495523476,0.2828876089545845
REDS_train,certificate,Greedy gaze,1.6615387485386627e-08,6.655403805409443e-11,6.735532372667797e-10,,,,0.0,cκ=4,-0.08092189541360639,-0.10990306544873887,-0.05591060333028209
REDS_train,certificate,"PPAT (2026), M=1",2.458583732773889e-10,6.655403805409443e-11,6.735532372667797e-10,0.20129474757906607,0.14656356658379383,0.27810211540056834,1.0,cκ=1.5,0.1844806757123294,0.12888145230867004,0.2641535826387846
REDS_train,certificate,Audit-only gaze,9.53935515353213e-11,6.655403805409443e-11,6.735532372667797e-10,0.08979389556379047,0.0457890414154396,0.1467151404535742,0.9996666666666667,cκ=1.05,0.03984385896804099,-0.00668500047181242,0.09412917391573723
