subset,point,label,family,setting,clusters,psnr,psnr_lo,psnr_hi,dpsnr,dpsnr_lo,dpsnr_hi,pqv,pqv_lo,pqv_hi
ALL,PEM_uniform,Uniform gaze,baseline,0.0,45,27.05076274673238,26.06253816973798,28.170618267785624,0.0,0.0,0.0,1.2558238605255566e-09,5.697403412964561e-10,2.1270882821766275e-09
ALL,PEM_greedy,Greedy gaze,baseline,0.0,45,27.402838143771703,26.391903221372566,28.546946601594748,0.3520753970393307,0.2996471721172367,0.40759255997729865,4.446947055220787e-08,2.3224228054563556e-08,7.023408952049628e-08
ALL,PPAT2026_M1,"PPAT (2026), M=1",baseline,0.0,45,27.048132995927684,26.061240549164424,28.169261567038223,-0.0026297508046902686,-0.02819333087202446,0.02183064703846182,5.806579038850719e-10,2.9066346203457744e-10,9.530788567321929e-10
ALL,PEM_audit_only,Audit-only gaze,baseline,0.0,45,27.030298856751596,26.03203613437904,28.156936234918884,-0.020463889980774516,-0.07867843610128085,0.026578236926726923,1.8786945953193366e-10,9.678182576781483e-11,3.103690730340542e-10
ALL,k1,κ=1,kappa,1.0,45,27.066601336081522,26.069127735423656,28.19571216908429,0.015838589349138565,-0.014894642692011023,0.04364246968650247,4.556048694720308e-10,2.0846958817425022e-10,7.758206420231309e-10
ALL,k2,κ=2,kappa,2.0,45,27.307965817816008,26.29682522115177,28.45474934210136,0.25720307108362817,0.20903008884549915,0.3078356454293035,1.064361565725489e-09,5.389296901196062e-10,1.7301204683092714e-09
ALL,k4,κ=4,kappa,4.0,45,27.338030346458506,26.327832907310476,28.48240173430738,0.287267599726124,0.23816343170723525,0.339865282571192,1.3167433063122342e-09,6.519840376830382e-10,2.1814421953752408e-09
ALL,k8,κ=8,kappa,8.0,45,27.34647488717835,26.33606630335639,28.494924517332098,0.2957121404459689,0.24470013869303708,0.3506847130533481,1.2929996729231045e-09,6.503067361994379e-10,2.117677430272044e-09
ALL,c1.05,cκ=1.05,certificate,1.05,45,27.095105961486976,26.085941864693794,28.23128229330638,0.04434321475459397,-0.026499870627714358,0.10777020875815412,1.6645040910503012e-10,7.618512031602991e-11,2.8469972203560086e-10
ALL,c1.25,cκ=1.25,certificate,1.25,45,27.196504836208064,26.17759909065346,28.355354129815236,0.14574208947568665,0.08830407191705797,0.20432407389395185,3.13801872402911e-10,1.5387998157497068e-10,5.21024963733372e-10
ALL,c1.5,cκ=1.5,certificate,1.5,45,27.23644472228868,26.218232488361018,28.389879043815924,0.18568197555630314,0.12885244515307584,0.2409177864423477,4.400733088066092e-10,2.3003326266430776e-10,7.149611632066869e-10
ALL,c2,cκ=2,certificate,2.0,45,27.286526377183073,26.274918141149435,28.43224606080784,0.2357636304507,0.19018591219544284,0.28401170618431004,8.083128800951729e-10,4.0110379122356336e-10,1.3226618709770284e-09
ALL,c4,cκ=4,certificate,4.0,45,27.318508569864733,26.312620312887574,28.463609999010806,0.26774582313234796,0.2223304843018931,0.31526386269615975,1.7117102671136635e-09,8.820989569347806e-10,2.7264755821670122e-09
ALL,c2.5,cκ=2.5 (selected),certificate,2.5,45,27.307965817816008,26.29682522115177,28.45474934210136,0.25720307108362817,0.20903008884549915,0.3078356454293035,1.064361565725489e-09,5.389296901196062e-10,1.7301204683092714e-09
DAVIS,PEM_uniform,Uniform gaze,baseline,0.0,15,29.129400400758502,27.188729638358566,31.436594848252646,0.0,0.0,0.0,1.3626162089026792e-09,2.2871811118481488e-10,2.9339455645776765e-09
DAVIS,PEM_greedy,Greedy gaze,baseline,0.0,15,29.530759331379052,27.550213977719153,31.882905539468503,0.4013589306205534,0.27820725347145775,0.5248418972428425,5.111565369730109e-08,1.1853683044408681e-08,9.896782209785335e-08
DAVIS,PPAT2026_M1,"PPAT (2026), M=1",baseline,0.0,15,29.128251359788024,27.16400886873732,31.431221016891644,-0.0011490409704805415,-0.07027186056224238,0.05864596308187398,5.377368200318044e-10,1.206803578671272e-10,1.117003904815087e-09
DAVIS,PEM_audit_only,Audit-only gaze,baseline,0.0,15,29.069554872233763,27.04545655431904,31.4136045762239,-0.059845528524739205,-0.21994821294867456,0.06741119468376092,1.3796597493706262e-10,4.1763906262632946e-11,2.6877758526646726e-10
DAVIS,k1,κ=1,kappa,1.0,15,29.148996677216367,27.153213530403576,31.48695388463397,0.019596276457865023,-0.06666219965924074,0.09347310240846332,4.4364615829198895e-10,7.809381134881645e-11,9.369367733133308e-10
DAVIS,k2,κ=2,kappa,2.0,15,29.44205311033247,27.451617972363152,31.792328389052088,0.3126527095739673,0.19480223454225168,0.43149657699500843,1.0703467997640556e-09,2.502290395158459e-10,2.1013825741581324e-09
DAVIS,k4,κ=4,kappa,4.0,15,29.466663517208552,27.46835877531546,31.817954764986496,0.33726311645005586,0.21400149905387933,0.46212901544216645,1.3105084161168158e-09,2.7171342886679013e-10,2.63588754362348e-09
DAVIS,k8,κ=8,kappa,8.0,15,29.485654496437704,27.48538366307458,31.836560440582232,0.35625409567920246,0.22928929885073449,0.48471068645131804,1.3164951780579954e-09,2.744891030540324e-10,2.674639521976532e-09
DAVIS,c1.05,cκ=1.05,certificate,1.05,15,29.1791055283706,27.130460142973753,31.52989537080746,0.049705127612094675,-0.15017019464436596,0.22971110652745097,1.0784521221834967e-10,3.420247576499559e-11,1.979849827242813e-10
DAVIS,c1.25,cκ=1.25,certificate,1.25,15,29.33603840341409,27.304540473886625,31.719968083519774,0.20663800265559143,0.04363484841715873,0.36006475626375617,2.705772326723413e-10,6.458917526298335e-11,5.202878404611464e-10
DAVIS,c1.5,cκ=1.5,certificate,1.5,15,29.344028867473167,27.319725707997026,31.71604409983067,0.21462846671466546,0.06037640640000972,0.36013665494971964,3.8770990697964053e-10,9.514044235545094e-11,7.373524540257935e-10
DAVIS,c2,cκ=2,certificate,2.0,15,29.406998677021324,27.410382401664307,31.756476331146484,0.2775982762628277,0.16620189873415533,0.3880060589413655,9.4265392765635e-10,1.7576723504896973e-10,1.992532660043473e-09
DAVIS,c4,cκ=4,certificate,4.0,15,29.436868976714006,27.458814098806805,31.772234535630822,0.30746857595550287,0.20199232598594685,0.415527517748627,1.8527399692606954e-09,4.010180588423561e-10,3.6937175125751748e-09
DAVIS,c2.5,cκ=2.5 (selected),certificate,2.5,15,29.44205311033247,27.451617972363152,31.792328389052088,0.3126527095739673,0.19480223454225168,0.43149657699500843,1.0703467997640556e-09,2.502290395158459e-10,2.1013825741581324e-09
REDS,PEM_uniform,Uniform gaze,baseline,0.0,15,25.642635369250517,24.414154304849397,26.951328389311797,0.0,0.0,0.0,1.9889451044734324e-09,4.897107329273564e-10,4.027310636570512e-09
REDS,PEM_greedy,Greedy gaze,baseline,0.0,15,25.97749213047707,24.70879019077818,27.328896044749552,0.33485676122655383,0.2627799744435533,0.41010095401011126,6.567737047393586e-08,1.951880343435364e-08,1.2536892239988102e-07
REDS,PPAT2026_M1,"PPAT (2026), M=1",baseline,0.0,15,25.646605515941527,24.413358226072628,26.96826704996433,0.0039701466910040985,-0.018584645625110748,0.02571396035947391,9.583785183460224e-10,2.52719270302137e-10,1.870685702606683e-09
REDS,PEM_audit_only,Audit-only gaze,baseline,0.0,15,25.64572329780524,24.405050770968025,26.96734520873003,0.0030879285547167493,-0.03922821947449128,0.04254027111113755,3.30248852123417e-10,9.171365682813129e-11,6.506110907508555e-10
REDS,k1,κ=1,kappa,1.0,15,25.658677442746228,24.42356581694878,26.97863114396855,0.016042073495707854,-0.009252500351178578,0.04277674687491413,7.595063042584497e-10,1.8607023207359197e-10,1.539424964448481e-09
REDS,k2,κ=2,kappa,2.0,15,25.877234329655575,24.613479093757867,27.21852085428485,0.23459896040506056,0.174187678187242,0.2968640268455104,1.7267893051840286e-09,4.979337212617191e-10,3.326577265823528e-09
REDS,k4,κ=4,kappa,4.0,15,25.91438466170701,24.654730385768424,27.25442590064933,0.2717492924564906,0.21305829507284677,0.33278653012347154,2.1491121237009626e-09,5.9328543614641e-10,4.280018990753469e-09
REDS,k8,κ=8,kappa,8.0,15,25.91421191763457,24.653987426552213,27.252751239459403,0.2715765483840537,0.2101110768545017,0.338171231192386,2.0763240470419444e-09,6.249592653305242e-10,4.066803785586364e-09
REDS,c1.05,cκ=1.05,certificate,1.05,15,25.69075009690647,24.439463125955175,27.01851814512824,0.04811472765594734,0.0018385442308807732,0.09232637093841924,3.2495197704264633e-10,7.406683590067929e-11,6.501762794650912e-10
REDS,c1.25,cκ=1.25,certificate,1.25,15,25.748329070399752,24.501008419396534,27.072073207726408,0.1056937011492335,0.06388846123607245,0.14831787469526853,5.438032858642295e-10,1.434086329583839e-10,1.081644316135862e-09
REDS,c1.5,cκ=1.5,certificate,1.5,15,25.81128251162703,24.55525361054119,27.147881356365495,0.1686471423765101,0.12054760183629987,0.21737840978546188,7.428004715520071e-10,2.2270581534177257e-10,1.444520070498334e-09
REDS,c2,cκ=2,certificate,2.0,15,25.866334064435186,24.601100848908487,27.205310362562802,0.22369869518466648,0.16165504245568602,0.28615441808337844,1.170485312689107e-09,3.6084909322175194e-10,2.3308668736785894e-09
REDS,c4,cκ=4,certificate,4.0,15,25.899315658834777,24.63338088286677,27.24317150116376,0.25668028958425565,0.1939707876275072,0.3223938177161735,2.6088375948135146e-09,8.030077365990291e-10,4.990683283049027e-09
REDS,c2.5,cκ=2.5 (selected),certificate,2.5,15,25.877234329655575,24.613479093757867,27.21852085428485,0.23459896040506056,0.174187678187242,0.2968640268455104,1.7267893051840286e-09,4.979337212617191e-10,3.326577265823528e-09
REDS_train,PEM_uniform,Uniform gaze,baseline,0.0,15,26.380252470188108,25.096159319993554,27.96777588971869,0.0,0.0,0.0,4.159102682005588e-10,2.588612976088118e-10,6.016975893755395e-10
REDS_train,PEM_greedy,Greedy gaze,baseline,0.0,15,26.700262969459004,25.366914433160577,28.335898977450938,0.32001049927088493,0.2567798358737085,0.38613777545835465,1.6615387485386627e-08,1.1007425175078e-08,2.288400747915993e-08
REDS_train,PPAT2026_M1,"PPAT (2026), M=1",baseline,0.0,15,26.369542112053516,25.096998780073463,27.933709069953334,-0.010710358134594363,-0.047273772788889605,0.021359448541350363,2.458583732773889e-10,1.608655691515912e-10,3.4179718626588694e-10
REDS_train,PEM_audit_only,Audit-only gaze,baseline,0.0,15,26.37561840021581,25.106597987400683,27.919867140336315,-0.004634069972301091,-0.05284999403050987,0.03755491296117655,9.53935515353213e-11,6.084981142394834e-11,1.3488568932696692e-10
REDS_train,k1,κ=1,kappa,1.0,15,26.39212988828195,25.107838309968383,27.96656997800081,0.011877418093842825,-0.015292770494173076,0.03763785783848872,1.6366214586565374e-10,1.0157750602668797e-10,2.395626541930645e-10
REDS_train,k2,κ=2,kappa,2.0,15,26.604610013459965,25.27880916863046,28.236074067506795,0.22435754327185672,0.17028924955234911,0.28288760895457765,3.959485922283828e-10,2.6092455808243715e-10,5.501870041792616e-10
REDS_train,k4,κ=4,kappa,4.0,15,26.63304286045994,25.30418887254673,28.26418495273808,0.25279039027182554,0.19735849465203864,0.31210358191138643,4.906093791189243e-10,3.144229287212122e-10,6.981027662953677e-10
REDS_train,k8,κ=8,kappa,8.0,15,26.639558247462766,25.31149298355077,28.2745990775129,0.2593057772746505,0.20108415470453378,0.32255385358433186,4.861797936693742e-10,3.1588691486710743e-10,6.902089319724007e-10
REDS_train,c1.05,cκ=1.05,certificate,1.05,15,26.41546225918385,25.11958707462358,28.005073930700004,0.0352097889957399,-0.015188411045338697,0.08878786020800071,6.655403805409443e-11,4.442314441316423e-11,9.226953990294938e-11
REDS_train,c1.25,cκ=1.25,certificate,1.25,15,26.505147034810342,25.19640374889665,28.106461552792048,0.12489456462223505,0.07995334151741694,0.17087405205118256,1.2702509867216216e-10,7.96405420260715e-11,1.8810447791194925e-10
REDS_train,c1.5,cκ=1.5,certificate,1.5,15,26.554022787765845,25.22907809703264,28.18913698369383,0.17377031757773384,0.12278451183671227,0.234578748086071,1.8970954788818003e-10,1.1773544539524238e-10,2.8187293800373385e-10
REDS_train,c2,cκ=2,certificate,2.0,15,26.58624639009271,25.262534322249618,28.215047060326498,0.20599391990460583,0.15825378820607083,0.25961808816085646,3.1179939994006204e-10,2.0457367574805642e-10,4.315658831286313e-10
REDS_train,c4,cκ=4,certificate,4.0,15,26.619341074045398,25.2880679275188,28.25065378738262,0.2390886038572854,0.18569428993494355,0.29518706761760516,6.735532372667797e-10,4.382157673936216e-10,9.580979183529904e-10
REDS_train,c2.5,cκ=2.5 (selected),certificate,2.5,15,26.604610013459965,25.27880916863046,28.236074067506795,0.22435754327185672,0.17028924955234911,0.28288760895457765,3.959485922283828e-10,2.6092455808243715e-10,5.501870041792616e-10
